-- phpMyAdmin SQL Dump
-- version 4.6.5.2
-- https://www.phpmyadmin.net/
--
-- Host: 127.0.0.1
-- Generation Time: May 26, 2017 at 11:48 AM
-- Server version: 10.1.21-MariaDB
-- PHP Version: 5.6.30

SET SQL_MODE = "NO_AUTO_VALUE_ON_ZERO";
SET time_zone = "+00:00";


/*!40101 SET @OLD_CHARACTER_SET_CLIENT=@@CHARACTER_SET_CLIENT */;
/*!40101 SET @OLD_CHARACTER_SET_RESULTS=@@CHARACTER_SET_RESULTS */;
/*!40101 SET @OLD_COLLATION_CONNECTION=@@COLLATION_CONNECTION */;
/*!40101 SET NAMES utf8mb4 */;

--
-- Database: `yukirim`
--

--
-- Dumping data for table `log_login`
--

INSERT INTO `log_login` (`login_id`, `username`, `password`, `login_ipv4_address`, `login_ipv6_address`, `location`, `browser`, `login_datetime`) VALUES
(1, 'christian456', '818319b6cf0619e9e5126a8a0371dc', '::1', NULL, '', '*;;unknown;Default Browser;0', '2017-05-15 02:26:14'),
(2, 'christian456', '818319b6cf0619e9e5126a8a0371dc', '::1', NULL, '', '*;unknown;Default Browser;0', '2017-05-15 02:26:34'),
(3, 'christian456', '818319b6cf0619e9e5126a8a0371dc', '::1', NULL, '', '*;unknown;Default Browser;0', '2017-05-15 02:27:42'),
(4, 'christian456', '818319b6cf0619e9e5126a8a0371dc', '::1', NULL, '', '*;unknown;Default Browser;0', '2017-05-15 02:28:00'),
(5, 'christian456', '818319b6cf0619e9e5126a8a0371dc', '::1', NULL, '', '*;unknown;Default Browser;0', '2017-05-15 02:29:49'),
(6, 'ekspedisiABC', '1fd44d695d0bc54d25c29d59c84b9d', '::1', NULL, '', '*;unknown;Default Browser;0', '2017-05-15 02:30:32'),
(7, 'christian456', '818319b6cf0619e9e5126a8a0371dc', '::1', NULL, '', '*;unknown;Default Browser;0', '2017-05-15 02:32:47'),
(8, 'christian456', '818319b6cf0619e9e5126a8a0371dc', '::1', NULL, '', '*;unknown;Default Browser;0', '2017-05-15 02:33:47'),
(9, 'christian456', '818319b6cf0619e9e5126a8a0371dc71', '::1', NULL, '', '*;unknown;Default Browser;0', '2017-05-15 02:34:16'),
(10, 'ekspedisiABC', '1fd44d695d0bc54d25c29d59c84b9dc5', '::1', NULL, '', '*;unknown;Default Browser;0', '2017-05-15 03:59:52'),
(11, 'christian123', '7a519571b67279d9e76688779719cbcb', '::1', NULL, '', '*;unknown;Default Browser;0', '2017-05-15 04:00:20'),
(12, 'ekspedisiABC', '1fd44d695d0bc54d25c29d59c84b9dc5', '::1', NULL, '', '*;unknown;Default Browser;0', '2017-05-15 04:00:42'),
(13, 'christian123', '7a519571b67279d9e76688779719cbcb', '::1', NULL, '', '*;unknown;Default Browser;0', '2017-05-15 07:13:54'),
(14, 'ekspedisiABC', '1fd44d695d0bc54d25c29d59c84b9dc5', '::1', NULL, '', '*;unknown;Default Browser;0', '2017-05-15 08:12:52'),
(15, 'ekspedisiABC', '1fd44d695d0bc54d25c29d59c84b9dc5', '::1', NULL, '', '*;unknown;Default Browser;0', '2017-05-16 01:38:07'),
(16, 'christian456', '818319b6cf0619e9e5126a8a0371dc71', '::1', NULL, '', '*;unknown;Default Browser;0', '2017-05-16 01:38:18'),
(17, 'christian123', '7a519571b67279d9e76688779719cbcb', '::1', NULL, '', '*;unknown;Default Browser;0', '2017-05-16 01:38:52'),
(18, 'christian456', '818319b6cf0619e9e5126a8a0371dc71', '::1', NULL, '', '*;unknown;Default Browser;0', '2017-05-16 02:36:30'),
(19, 'christian123', '7a519571b67279d9e76688779719cbcb', '::1', NULL, '', '*;unknown;Default Browser;0', '2017-05-16 03:13:50'),
(20, 'christian456', '818319b6cf0619e9e5126a8a0371dc71', '::1', NULL, '', '*;unknown;Default Browser;0', '2017-05-16 03:20:31'),
(21, 'christian123', '7a519571b67279d9e76688779719cbcb', '::1', NULL, '', '*;unknown;Default Browser;0', '2017-05-16 03:27:19'),
(22, 'christian456', '818319b6cf0619e9e5126a8a0371dc71', '::1', NULL, '', '*;unknown;Default Browser;0', '2017-05-16 03:39:23'),
(23, 'christian123', '7a519571b67279d9e76688779719cbcb', '::1', NULL, '', '*;unknown;Default Browser;0', '2017-05-16 03:45:18'),
(24, 'christian456', '818319b6cf0619e9e5126a8a0371dc71', '::1', NULL, '', '*;unknown;Default Browser;0', '2017-05-16 03:54:12'),
(25, 'christian123', '7a519571b67279d9e76688779719cbcb', '::1', NULL, '', '*;unknown;Default Browser;0', '2017-05-16 03:59:05'),
(26, 'christian456', '818319b6cf0619e9e5126a8a0371dc71', '::1', NULL, '', '*;unknown;Default Browser;0', '2017-05-16 04:21:43'),
(27, 'christian456', '818319b6cf0619e9e5126a8a0371dc71', '::1', NULL, '', '*;unknown;Default Browser;0', '2017-05-16 04:34:08'),
(28, 'ekspedisiABC', '1fd44d695d0bc54d25c29d59c84b9dc5', '::1', NULL, '', '*;unknown;Default Browser;0', '2017-05-16 04:43:23'),
(29, 'ekspedisiABC', '1fd44d695d0bc54d25c29d59c84b9dc5', '::1', NULL, '', '*;unknown;Default Browser;0', '2017-05-16 08:18:44'),
(30, 'christian123', '7a519571b67279d9e76688779719cbcb', '::1', NULL, '', '*;unknown;Default Browser;0', '2017-05-16 09:20:47'),
(31, 'ekspedisiABC', '1fd44d695d0bc54d25c29d59c84b9dc5', '::1', NULL, '', '*;unknown;Default Browser;0', '2017-05-16 09:31:22'),
(32, 'christian456', '818319b6cf0619e9e5126a8a0371dc71', '::1', NULL, '', '*;unknown;Default Browser;0', '2017-05-17 01:11:02'),
(33, 'ekspedisiABC', '1fd44d695d0bc54d25c29d59c84b9dc5', '::1', NULL, '', '*;unknown;Default Browser;0', '2017-05-17 09:06:55'),
(34, 'christian456', '818319b6cf0619e9e5126a8a0371dc71', '::1', NULL, '', '*;unknown;Default Browser;0', '2017-05-17 09:10:53'),
(35, 'ekspedisiABC', '1fd44d695d0bc54d25c29d59c84b9dc5', '::1', NULL, '', '*;unknown;Default Browser;0', '2017-05-17 09:22:47'),
(36, 'christian456', '818319b6cf0619e9e5126a8a0371dc71', '::1', NULL, '', '*;unknown;Default Browser;0', '2017-05-17 10:01:41'),
(37, 'ekspedisiABC', '1fd44d695d0bc54d25c29d59c84b9dc5', '::1', NULL, '', '*;unknown;Default Browser;0', '2017-05-17 10:02:00'),
(38, 'ekspedisiABC', '1fd44d695d0bc54d25c29d59c84b9dc5', '::1', NULL, '', '*;unknown;Default Browser;0', '2017-05-18 01:02:44'),
(39, 'christian456', '818319b6cf0619e9e5126a8a0371dc71', '::1', NULL, '', '*;unknown;Default Browser;0', '2017-05-18 04:14:16'),
(40, 'ekspedisiABC', '1fd44d695d0bc54d25c29d59c84b9dc5', '::1', NULL, '', '*;unknown;Default Browser;0', '2017-05-18 04:14:30'),
(41, 'ekspedisiABC', '1fd44d695d0bc54d25c29d59c84b9dc5', '::1', NULL, '', '*;unknown;Default Browser;0', '2017-05-18 08:55:16'),
(42, 'ekspedisiABC', '1fd44d695d0bc54d25c29d59c84b9dc5', '::1', NULL, '', '*;unknown;Default Browser;0', '2017-05-19 01:13:10'),
(43, 'christian456', '818319b6cf0619e9e5126a8a0371dc71', '::1', NULL, '', '*;unknown;Default Browser;0', '2017-05-19 02:48:31'),
(44, 'christian456', '818319b6cf0619e9e5126a8a0371dc71', '::1', NULL, ';;', 'Mozilla/5.0 (Windows NT 6.1; Win64; x64) AppleWebK', '2017-05-19 02:59:34'),
(45, 'christian456', '818319b6cf0619e9e5126a8a0371dc71', '::1', NULL, ';;', 'Mozilla/5.0 (Windows NT 6.1; Win64; x64) AppleWebK', '2017-05-19 03:02:05'),
(46, 'ekspedisiABC', '1fd44d695d0bc54d25c29d59c84b9dc5', '::1', NULL, ';;', 'Mozilla/5.0 (Windows NT 6.1; Win64; x64) AppleWebK', '2017-05-19 06:30:50'),
(47, 'ekspedisiABC', '1fd44d695d0bc54d25c29d59c84b9dc5', '::1', NULL, ';;', 'Mozilla/5.0 (Windows NT 6.1; Win64; x64) AppleWebK', '2017-05-22 03:03:39'),
(48, 'ekspedisiABC', '1fd44d695d0bc54d25c29d59c84b9dc5', '::1', NULL, ';;', 'Mozilla/5.0 (Windows NT 6.1; Win64; x64) AppleWebK', '2017-05-22 03:43:24'),
(49, 'ekspedisiABC', '1fd44d695d0bc54d25c29d59c84b9dc5', '::1', NULL, ';;', 'Mozilla/5.0 (Windows NT 6.1; Win64; x64) AppleWebK', '2017-05-22 03:43:52'),
(50, 'ekspedisiABC', '1fd44d695d0bc54d25c29d59c84b9dc5', '::1', NULL, ';;', 'Mozilla/5.0 (Windows NT 6.1; Win64; x64) AppleWebK', '2017-05-22 04:09:51'),
(51, 'ekspedisiABC', '1fd44d695d0bc54d25c29d59c84b9dc5', '::1', NULL, ';;', 'Mozilla/5.0 (Windows NT 6.1; Win64; x64) AppleWebK', '2017-05-22 04:39:03'),
(52, 'ekspedisiABC', '1fd44d695d0bc54d25c29d59c84b9dc5', '::1', NULL, ';;', 'Mozilla/5.0 (Windows NT 6.1; Win64; x64) AppleWebK', '2017-05-22 04:39:24'),
(53, 'ekspedisiABC', '1fd44d695d0bc54d25c29d59c84b9dc5', '::1', NULL, ';;', 'Mozilla/5.0 (Windows NT 6.1; Win64; x64) AppleWebK', '2017-05-22 04:45:37'),
(54, 'christian456', '818319b6cf0619e9e5126a8a0371dc71', '::1', NULL, ';;', 'Mozilla/5.0 (Windows NT 6.1; Win64; x64) AppleWebK', '2017-05-22 09:32:21'),
(55, 'ekspedisiABC', '1fd44d695d0bc54d25c29d59c84b9dc5', '::1', NULL, ';;', 'Mozilla/5.0 (Windows NT 6.1; Win64; x64) AppleWebK', '2017-05-22 09:37:38'),
(56, 'ekspedisiABC', '1fd44d695d0bc54d25c29d59c84b9dc5', '::1', NULL, ';;', 'Mozilla/5.0 (Windows NT 6.1; Win64; x64) AppleWebK', '2017-05-23 00:54:09'),
(57, 'christian123', '7a519571b67279d9e76688779719cbcb', '::1', NULL, ';;', 'Mozilla/5.0 (Windows NT 6.1; Win64; x64) AppleWebK', '2017-05-23 01:20:22'),
(58, 'ekspedisiABC', '1fd44d695d0bc54d25c29d59c84b9dc5', '::1', NULL, ';;', 'Mozilla/5.0 (Windows NT 6.1; Win64; x64) AppleWebK', '2017-05-23 01:26:48'),
(59, 'christian456', '818319b6cf0619e9e5126a8a0371dc71', '::1', NULL, ';;', 'Mozilla/5.0 (Windows NT 6.1; Win64; x64) AppleWebK', '2017-05-23 01:28:17'),
(60, 'christian123', '7a519571b67279d9e76688779719cbcb', '::1', NULL, ';;', 'Mozilla/5.0 (Windows NT 6.1; Win64; x64) AppleWebK', '2017-05-23 01:28:30'),
(61, 'ekspedisiABC', '1fd44d695d0bc54d25c29d59c84b9dc5', '::1', NULL, ';;', 'Mozilla/5.0 (Windows NT 6.1; Win64; x64) AppleWebK', '2017-05-23 01:29:36'),
(62, 'christian456', '818319b6cf0619e9e5126a8a0371dc71', '::1', NULL, ';;', 'Mozilla/5.0 (Windows NT 6.1; Win64; x64) AppleWebK', '2017-05-23 01:43:20'),
(63, 'christian123', '7a519571b67279d9e76688779719cbcb', '::1', NULL, ';;', 'Mozilla/5.0 (Windows NT 6.1; Win64; x64) AppleWebK', '2017-05-23 01:43:37'),
(64, 'ekspedisiABC', '1fd44d695d0bc54d25c29d59c84b9dc5', '::1', NULL, ';;', 'Mozilla/5.0 (Windows NT 6.1; Win64; x64) AppleWebK', '2017-05-23 01:53:30'),
(65, 'christian456', '818319b6cf0619e9e5126a8a0371dc71', '::1', NULL, ';;', 'Mozilla/5.0 (Windows NT 6.1; Win64; x64) AppleWebK', '2017-05-23 01:56:11'),
(66, 'christian123', '7a519571b67279d9e76688779719cbcb', '::1', NULL, ';;', 'Mozilla/5.0 (Windows NT 6.1; Win64; x64) AppleWebK', '2017-05-23 01:56:17'),
(67, 'ekspedisiABC', '1fd44d695d0bc54d25c29d59c84b9dc5', '::1', NULL, ';;', 'Mozilla/5.0 (Windows NT 6.1; Win64; x64) AppleWebK', '2017-05-23 02:02:25'),
(68, 'christian456', '818319b6cf0619e9e5126a8a0371dc71', '::1', NULL, ';;', 'Mozilla/5.0 (Windows NT 6.1; Win64; x64) AppleWebK', '2017-05-23 02:16:13'),
(69, 'ekspedisiABC', '2f18bdab70fe289c4454dbbb68bd117e', '::1', NULL, ';;', 'Mozilla/5.0 (Windows NT 6.1; Win64; x64) AppleWebK', '2017-05-23 04:08:14'),
(70, 'ekspedisiABC', '1fd44d695d0bc54d25c29d59c84b9dc5', '::1', NULL, ';;', 'Mozilla/5.0 (Windows NT 6.1; Win64; x64) AppleWebK', '2017-05-23 04:08:22'),
(71, 'ekspedisiABC', '1fd44d695d0bc54d25c29d59c84b9dc5', '::1', NULL, ';;', 'Mozilla/5.0 (Windows NT 6.1; Win64; x64) AppleWebK', '2017-05-23 07:46:16'),
(72, 'christian456', '818319b6cf0619e9e5126a8a0371dc71', '::1', NULL, ';;', 'Mozilla/5.0 (Windows NT 6.1; Win64; x64) AppleWebK', '2017-05-23 08:11:45'),
(73, 'ekspedisiABC', '1fd44d695d0bc54d25c29d59c84b9dc5', '::1', NULL, ';;', 'Mozilla/5.0 (Windows NT 6.1; Win64; x64) AppleWebK', '2017-05-23 08:13:48'),
(74, 'christian456', '818319b6cf0619e9e5126a8a0371dc71', '::1', NULL, ';;', 'Mozilla/5.0 (Windows NT 6.1; Win64; x64) AppleWebK', '2017-05-23 08:15:14'),
(75, 'ekspedisiABC', '1fd44d695d0bc54d25c29d59c84b9dc5', '::1', NULL, ';;', 'Mozilla/5.0 (Windows NT 6.1; Win64; x64) AppleWebK', '2017-05-23 08:15:30'),
(76, 'christian456', '818319b6cf0619e9e5126a8a0371dc71', '::1', NULL, ';;', 'Mozilla/5.0 (Windows NT 6.1; Win64; x64) AppleWebK', '2017-05-23 08:52:33'),
(77, 'ekspedisiABC', '1fd44d695d0bc54d25c29d59c84b9dc5', '::1', NULL, ';;', 'Mozilla/5.0 (Windows NT 6.1; Win64; x64) AppleWebK', '2017-05-23 09:08:04'),
(78, 'christian123', '7a519571b67279d9e76688779719cbcb', '::1', NULL, ';;', 'Mozilla/5.0 (Windows NT 6.1; Win64; x64) AppleWebK', '2017-05-23 09:44:03'),
(79, 'christian456', '818319b6cf0619e9e5126a8a0371dc71', '::1', NULL, ';;', 'Mozilla/5.0 (Windows NT 6.1; Win64; x64) AppleWebK', '2017-05-23 09:44:12'),
(80, 'ekspedisiABC', '1fd44d695d0bc54d25c29d59c84b9dc5', '::1', NULL, ';;', 'Mozilla/5.0 (Windows NT 6.1; Win64; x64) AppleWebK', '2017-05-24 01:10:29'),
(81, 'christian123', 'c04aa4c5f08fd89c96078f365b7c7c37', '::1', NULL, ';;', 'Mozilla/5.0 (Windows NT 6.1; Win64; x64) AppleWebK', '2017-05-24 04:55:28'),
(82, 'christian123', '50be29d98d151f1f871991100a0a73b4', '::1', NULL, ';;', 'Mozilla/5.0 (Windows NT 6.1; Win64; x64) AppleWebK', '2017-05-24 04:55:33'),
(83, 'christian123', '7a519571b67279d9e76688779719cbcb', '::1', NULL, ';;', 'Mozilla/5.0 (Windows NT 6.1; Win64; x64) AppleWebK', '2017-05-24 04:55:40'),
(84, 'ekspedisiABC', '1fd44d695d0bc54d25c29d59c84b9dc5', '::1', NULL, ';;', 'Mozilla/5.0 (Windows NT 6.1; Win64; x64) AppleWebK', '2017-05-24 05:44:13'),
(85, 'christian456', '818319b6cf0619e9e5126a8a0371dc71', '::1', NULL, ';;', 'Mozilla/5.0 (Windows NT 6.1; Win64; x64) AppleWebK', '2017-05-24 08:31:04'),
(86, 'ekspedisiABC', '1fd44d695d0bc54d25c29d59c84b9dc5', '::1', NULL, ';;', 'Mozilla/5.0 (Windows NT 6.1; Win64; x64) AppleWebK', '2017-05-24 08:32:26'),
(87, 'christian456', '818319b6cf0619e9e5126a8a0371dc71', '::1', NULL, ';;', 'Mozilla/5.0 (Windows NT 6.1; Win64; x64) AppleWebK', '2017-05-24 09:05:43'),
(88, 'ekspedisiABC', '1fd44d695d0bc54d25c29d59c84b9dc5', '::1', NULL, ';;', 'Mozilla/5.0 (Windows NT 6.1; Win64; x64) AppleWebK', '2017-05-24 09:09:40'),
(89, 'asd', '76d80224611fc919a5d54f0ff9fba446', '::1', NULL, ';;', 'Mozilla/5.0 (Windows NT 6.1; Win64; x64) AppleWebK', '2017-05-26 02:40:45'),
(90, 'ekspedisiABC', '1fd44d695d0bc54d25c29d59c84b9dc5', '::1', NULL, ';;', 'Mozilla/5.0 (Windows NT 6.1; Win64; x64) AppleWebK', '2017-05-26 02:41:03'),
(91, 'ekspedisiABC', '1fd44d695d0bc54d25c29d59c84b9dc5', '::1', NULL, ';;', 'Mozilla/5.0 (Windows NT 6.1; Win64; x64) AppleWebK', '2017-05-26 03:27:06'),
(92, 'ekspedisiABC', '1fd44d695d0bc54d25c29d59c84b9dc5', '::1', NULL, ';;', 'Mozilla/5.0 (Windows NT 6.1; Win64; x64) AppleWebK', '2017-05-26 03:29:53'),
(93, 'ekspedisiABC', '1fd44d695d0bc54d25c29d59c84b9dc5', '::1', NULL, ';;', 'Mozilla/5.0 (Windows NT 6.1; Win64; x64) AppleWebK', '2017-05-26 03:30:07'),
(94, 'ekspedisiABC', '1fd44d695d0bc54d25c29d59c84b9dc5', '::1', NULL, ';;', 'Mozilla/5.0 (Windows NT 6.1; Win64; x64) AppleWebK', '2017-05-26 03:32:59'),
(95, 'ekspedisiABC', '1fd44d695d0bc54d25c29d59c84b9dc5', '::1', NULL, ';;', 'Mozilla/5.0 (Windows NT 6.1; Win64; x64) AppleWebK', '2017-05-26 03:42:30'),
(96, 'ekspedisiABC', '1fd44d695d0bc54d25c29d59c84b9dc5', '::1', NULL, ';;', 'Mozilla/5.0 (Windows NT 6.1; Win64; x64) AppleWebK', '2017-05-26 03:46:43'),
(97, 'ekspedisiABC', '1fd44d695d0bc54d25c29d59c84b9dc5', '::1', NULL, ';;', 'Mozilla/5.0 (Linux; Android 6.0; Nexus 5 Build/MRA', '2017-05-26 04:03:11'),
(98, 'ekspedisiABC', '1fd44d695d0bc54d25c29d59c84b9dc5', '::1', NULL, ';;', 'Mozilla/5.0 (Windows NT 6.1; Win64; x64) AppleWebK', '2017-05-26 04:20:33'),
(99, 'ekspedisiABC', '1fd44d695d0bc54d25c29d59c84b9dc5', '::1', NULL, ';;', 'Mozilla/5.0 (Windows NT 6.1; Win64; x64) AppleWebK', '2017-05-26 04:22:02'),
(100, 'ekspedisiABC', '1fd44d695d0bc54d25c29d59c84b9dc5', '::1', NULL, ';;', 'Mozilla/5.0 (Windows NT 6.1; Win64; x64) AppleWebK', '2017-05-26 04:24:50'),
(101, 'christian123', '7a519571b67279d9e76688779719cbcb', '::1', NULL, ';;', 'Mozilla/5.0 (Linux; Android 6.0; Nexus 5 Build/MRA', '2017-05-26 05:08:35'),
(102, 'ekspedisiABC', '1fd44d695d0bc54d25c29d59c84b9dc5', '::1', NULL, ';;', 'Mozilla/5.0 (Windows NT 6.1; Win64; x64) AppleWebK', '2017-05-26 06:10:10');

--
-- Dumping data for table `log_shipment`
--

INSERT INTO `log_shipment` (`log_shipment_id`, `shipment_id`, `value_before`, `value_after`, `created_date`, `created_by`) VALUES
(1, 17, '123', 'asd', '2017-05-15 02:42:24', 0),
(2, 17, '123456789', 'asdqwe', '2017-05-15 03:07:30', 0),
(3, 17, '17;bathroom set;ini adalah keterangan bathroom setasdsadadsa', '17;bathroom set;ini adalah keterangan bathroom set', '2017-05-15 03:08:35', 0),
(4, 17, '17;bathroom set;ini adalah keterangan bathroom set;Chrysanthemum.jpg;2017-07-05 00:00:00', '17;bathroom set;ini adalah keterangan bathroom set;Chrysanthemum.jpg;2017-07-05 00:00:00', '2017-05-15 03:09:30', 0),
(5, 17, '17;bathroom set;ini adalah keterangan bathroom set;Chrysanthemum.jpg;2017-07-05 00:00:00;2017-07-20 00:00:00;2017-07-20 00:00:00', '17;bathroom set;ini adalah keterangan bathroom set;Chrysanthemum.jpg;2017-07-05 00:00:00;2017-07-20 00:00:00;2017-07-20 00:00:00', '2017-05-15 03:11:15', 0),
(6, 17, '17;bathroom set;ini adalah keterangan bathroom set;Chrysanthemum.jpg;2017-07-05 00:00:00;2017-07-20 00:00:00;2017-07-20 00:00:00;10000000', '17;bathroom set;ini adalah keterangan bathroom set;Chrysanthemum.jpg;2017-07-05 00:00:00;2017-07-20 00:00:00;2017-07-20 00:00:00;10000000', '2017-05-15 03:11:50', 0),
(7, 17, '17;bathroom set;ini adalah keterangan bathroom set;Chrysanthemum.jpg;2017-07-05 00:00:00;2017-07-20 00:00:00;2017-07-20 00:00:00;10000000;0;1;1;12.919;-1;0;;2017-05-08 13:00:46;19;0000-00-00 00:00:00;0;0000-00-00 00:00:00;0;0000-00-00 00:00:00;0;0000-00-00 00:00:00;0;0000-00-00 00:00:00;0;0000-00-00 00:00:00;0;0;0;0;Pakuwon Trade Center;Pakuwon Trade Center, Babatan, Surabaya City, East Java, Indonesia;-7.288700;112.673401;PTC depannya SMA Petra 1;adi 081235412123;Sekolah Tinggi Teknik Surabaya;Sekolah Tinggi Teknik Surabaya, Jalan Ngagel Jaya Tengah, Baratajaya, Surabaya C;-7.291306;112.758827;stts sekolah tinggi teknik surabaya;budi 09123123212;20;2017-05-05 10:54:34;20;2017-05-15 10:11:50;19', '17;bathroom set;ini adalah keterangan bathroom set;Chrysanthemum.jpg;2017-07-05 00:00:00;2017-07-20 00:00:00;2017-07-20 00:00:00;10000000;0;1;1;12.919;-1;0;;2017-05-08 13:00:46;19;0000-00-00 00:00:00;0;0000-00-00 00:00:00;0;0000-00-00 00:00:00;0;0000-00-00 00:00:00;0;0000-00-00 00:00:00;0;0000-00-00 00:00:00;0;0;0;0;Pakuwon Trade Center;Pakuwon Trade Center, Babatan, Surabaya City, East Java, Indonesia;-7.288700;112.673401;PTC depannya SMA Petra 1;adi 081235412123;Sekolah Tinggi Teknik Surabaya;Sekolah Tinggi Teknik Surabaya, Jalan Ngagel Jaya Tengah, Baratajaya, Surabaya C;-7.291306;112.758827;stts sekolah tinggi teknik surabaya;budi 09123123212;20;2017-05-05 10:54:34;20;2017-05-15 10:17:33;18', '2017-05-15 03:17:33', 0),
(8, 17, '17;bathroom set;ini adalah keterangan bathroom set;Chrysanthemum.jpg;2017-07-05 00:00:00;2017-07-20 00:00:00;2017-07-20 00:00:00;10000000;0;1;1;12.919;-1;0;;2017-05-08 13:00:46;19;0000-00-00 00:00:00;0;0000-00-00 00:00:00;0;0000-00-00 00:00:00;0;0000-00-00 00:00:00;0;0000-00-00 00:00:00;0;0000-00-00 00:00:00;0;0;0;0;Pakuwon Trade Center;Pakuwon Trade Center, Babatan, Surabaya City, East Java, Indonesia;-7.288700;112.673401;PTC depannya SMA Petra 1;adi 081235412123;Sekolah Tinggi Teknik Surabaya;Sekolah Tinggi Teknik Surabaya, Jalan Ngagel Jaya Tengah, Baratajaya, Surabaya C;-7.291306;112.758827;stts sekolah tinggi teknik surabaya;budi 09123123212;20;2017-05-05 10:54:34;20;2017-05-15 10:17:33;18', '17;bathroom set;ini adalah keterangan bathroom set;Chrysanthemum.jpg;2017-07-05 00:00:00;2017-07-20 00:00:00;2017-07-20 00:00:00;10000000;0;1;1;12.919;-1;0;;2017-05-08 13:00:46;19;0000-00-00 00:00:00;0;0000-00-00 00:00:00;0;0000-00-00 00:00:00;0;0000-00-00 00:00:00;0;0000-00-00 00:00:00;0;0000-00-00 00:00:00;0;0;0;0;Pakuwon Trade Center;Pakuwon Trade Center, Babatan, Surabaya City, East Java, Indonesia;-7.288700;112.673401;PTC depannya SMA Petra 1;adi 081235412123;Sekolah Tinggi Teknik Surabaya;Sekolah Tinggi Teknik Surabaya, Jalan Ngagel Jaya Tengah, Baratajaya, Surabaya C;-7.291306;112.758827;stts sekolah tinggi teknik surabaya;budi 09123123212;20;2017-05-05 10:54:34;20;2017-05-15 10:17:37;19', '2017-05-15 03:17:37', 0),
(9, 17, '17;bathroom set;ini adalah keterangan bathroom set;Chrysanthemum.jpg;2017-07-05 00:00:00;2017-07-20 00:00:00;2017-07-20 00:00:00;10000000;0;1;1;12.919;-1;0;;2017-05-08 13:00:46;19;0000-00-00 00:00:00;0;0000-00-00 00:00:00;0;0000-00-00 00:00:00;0;0000-00-00 00:00:00;0;0000-00-00 00:00:00;0;0000-00-00 00:00:00;0;0;0;0;Pakuwon Trade Center;Pakuwon Trade Center, Babatan, Surabaya City, East Java, Indonesia;-7.288700;112.673401;PTC depannya SMA Petra 1;adi 081235412123;Sekolah Tinggi Teknik Surabaya;Sekolah Tinggi Teknik Surabaya, Jalan Ngagel Jaya Tengah, Baratajaya, Surabaya C;-7.291306;112.758827;stts sekolah tinggi teknik surabaya;budi 09123123212;20;2017-05-05 10:54:34;20;2017-05-15 10:17:37;19', '17;bathroom set;ini adalah keterangan bathroom set;Chrysanthemum.jpg;2017-07-05 00:00:00;2017-07-20 00:00:00;2017-07-20 00:00:00;10000000;0;1;1;12.919;-1;0;;2017-05-08 13:00:46;19;0000-00-00 00:00:00;0;0000-00-00 00:00:00;0;0000-00-00 00:00:00;0;0000-00-00 00:00:00;0;0000-00-00 00:00:00;0;0000-00-00 00:00:00;0;0;0;0;Pakuwon Trade Center;Pakuwon Trade Center, Babatan, Surabaya City, East Java, Indonesia;-7.288700;112.673401;PTC depannya SMA Petra 1;adi 081235412123;Sekolah Tinggi Teknik Surabaya;Sekolah Tinggi Teknik Surabaya, Jalan Ngagel Jaya Tengah, Baratajaya, Surabaya C;-7.291306;112.758827;stts sekolah tinggi teknik surabaya;budi 09123123212;20;2017-05-05 10:54:34;20;2017-05-15 10:26:29;18', '2017-05-15 03:26:29', 0),
(10, 15, '15;kitchen set dante;kitchen set ini adalah satu set di mana satu set adalah satu set;Hydrangeas.jpg;2017-05-01 00:00:00;2017-05-31 00:00:00;2017-05-31 00:00:00;1000000;0;1;1;8;-1;0;;2017-05-08 13:00:46;19;0000-00-00 00:00:00;0;0000-00-00 00:00:00;0;0000-00-00 00:00:00;0;0000-00-00 00:00:00;0;0000-00-00 00:00:00;0;0000-00-00 00:00:00;0;0;0;0;Ciputra Golf, Club & Hotel Surabaya;CitraLand, Lakarsantri, Surabaya City, East Java, Indonesia;-6.168000;106.787003;Gwalk Citraland surabaya Bakwan Dempo 19;susi 0812345678;Pakuwon Mall;Pakuwon Mall, Jalan Raya Lontar, Lontar, Surabaya City, East Java, Indonesia;-7.275000;112.802696;mall baru;sandi 0812343212;18;2017-04-28 15:37:16;18;2017-05-12 16:00:48;19', '15;kitchen set dante;kitchen set ini adalah satu set di mana satu set adalah satu set;Hydrangeas.jpg;2017-05-01 00:00:00;2017-05-31 00:00:00;2017-05-31 00:00:00;1000000;0;1;1;8;0;0;;2017-05-08 13:00:46;19;2017-05-15 11:00:32;18;0000-00-00 00:00:00;0;0000-00-00 00:00:00;0;0000-00-00 00:00:00;0;0000-00-00 00:00:00;0;0000-00-00 00:00:00;0;0;0;0;Ciputra Golf, Club & Hotel Surabaya;CitraLand, Lakarsantri, Surabaya City, East Java, Indonesia;-6.168000;106.787003;Gwalk Citraland surabaya Bakwan Dempo 19;susi 0812345678;Pakuwon Mall;Pakuwon Mall, Jalan Raya Lontar, Lontar, Surabaya City, East Java, Indonesia;-7.275000;112.802696;mall baru;sandi 0812343212;18;2017-04-28 15:37:16;18;2017-05-15 11:00:32;18', '2017-05-15 04:00:32', 0),
(11, 15, '15;kitchen set dante;kitchen set ini adalah satu set di mana satu set adalah satu set;Hydrangeas.jpg;2017-05-01 00:00:00;2017-05-31 00:00:00;2017-05-31 00:00:00;1000000;0;1;1;8;0;0;;2017-05-08 13:00:46;19;2017-05-15 11:00:32;18;0000-00-00 00:00:00;0;0000-00-00 00:00:00;0;0000-00-00 00:00:00;0;0000-00-00 00:00:00;0;0000-00-00 00:00:00;0;0;0;0;Ciputra Golf, Club & Hotel Surabaya;CitraLand, Lakarsantri, Surabaya City, East Java, Indonesia;-6.168000;106.787003;Gwalk Citraland surabaya Bakwan Dempo 19;susi 0812345678;Pakuwon Mall;Pakuwon Mall, Jalan Raya Lontar, Lontar, Surabaya City, East Java, Indonesia;-7.275000;112.802696;mall baru;sandi 0812343212;18;2017-04-28 15:37:16;18;2017-05-15 11:00:32;18', '15;kitchen set dante;kitchen set ini adalah satu set di mana satu set adalah satu set;Hydrangeas.jpg;2017-05-01 00:00:00;2017-05-31 00:00:00;2017-05-31 00:00:00;1000000;0;1;1;8;1;0;;2017-05-08 13:00:46;19;2017-05-15 11:00:32;18;0000-00-00 00:00:00;0;0000-00-00 00:00:00;0;0000-00-00 00:00:00;0;0000-00-00 00:00:00;0;0000-00-00 00:00:00;0;0;0;0;Ciputra Golf, Club & Hotel Surabaya;CitraLand, Lakarsantri, Surabaya City, East Java, Indonesia;-6.168000;106.787003;Gwalk Citraland surabaya Bakwan Dempo 19;susi 0812345678;Pakuwon Mall;Pakuwon Mall, Jalan Raya Lontar, Lontar, Surabaya City, East Java, Indonesia;-7.275000;112.802696;mall baru;sandi 0812343212;18;2017-04-28 15:37:16;18;2017-05-15 11:00:47;19', '2017-05-15 04:00:47', 0),
(12, 15, '15;kitchen set dante;kitchen set ini adalah satu set di mana satu set adalah satu set;Hydrangeas.jpg;2017-05-01 00:00:00;2017-05-31 00:00:00;2017-05-31 00:00:00;1000000;0;1;1;8;1;0;;2017-05-08 13:00:46;19;2017-05-15 11:00:32;18;0000-00-00 00:00:00;0;0000-00-00 00:00:00;0;0000-00-00 00:00:00;0;0000-00-00 00:00:00;0;0000-00-00 00:00:00;0;0;0;0;Ciputra Golf, Club & Hotel Surabaya;CitraLand, Lakarsantri, Surabaya City, East Java, Indonesia;-6.168000;106.787003;Gwalk Citraland surabaya Bakwan Dempo 19;susi 0812345678;Pakuwon Mall;Pakuwon Mall, Jalan Raya Lontar, Lontar, Surabaya City, East Java, Indonesia;-7.275000;112.802696;mall baru;sandi 0812343212;18;2017-04-28 15:37:16;18;2017-05-15 11:00:47;19', '15;kitchen set dante;kitchen set ini adalah satu set di mana satu set adalah satu set;Hydrangeas.jpg;2017-05-01 00:00:00;2017-05-31 00:00:00;2017-05-31 00:00:00;1000000;0;1;1;8;2;0;;2017-05-08 13:00:46;19;2017-05-15 11:00:32;18;2017-05-15 11:01:02;19;0000-00-00 00:00:00;0;0000-00-00 00:00:00;0;0000-00-00 00:00:00;0;0000-00-00 00:00:00;0;6;3;3;Ciputra Golf, Club & Hotel Surabaya;CitraLand, Lakarsantri, Surabaya City, East Java, Indonesia;-6.168000;106.787003;Gwalk Citraland surabaya Bakwan Dempo 19;susi 0812345678;Pakuwon Mall;Pakuwon Mall, Jalan Raya Lontar, Lontar, Surabaya City, East Java, Indonesia;-7.275000;112.802696;mall baru;sandi 0812343212;18;2017-04-28 15:37:16;18;2017-05-15 11:01:02;19', '2017-05-15 04:01:02', 0),
(13, 15, '15;kitchen set dante;kitchen set ini adalah satu set di mana satu set adalah satu set;Hydrangeas.jpg;2017-05-01 00:00:00;2017-05-31 00:00:00;2017-05-31 00:00:00;1000000;0;1;1;8;2;0;;2017-05-08 13:00:46;19;2017-05-15 11:00:32;18;2017-05-15 11:01:02;19;0000-00-00 00:00:00;0;0000-00-00 00:00:00;0;0000-00-00 00:00:00;0;0000-00-00 00:00:00;0;6;3;3;Ciputra Golf, Club & Hotel Surabaya;CitraLand, Lakarsantri, Surabaya City, East Java, Indonesia;-6.168000;106.787003;Gwalk Citraland surabaya Bakwan Dempo 19;susi 0812345678;Pakuwon Mall;Pakuwon Mall, Jalan Raya Lontar, Lontar, Surabaya City, East Java, Indonesia;-7.275000;112.802696;mall baru;sandi 0812343212;18;2017-04-28 15:37:16;18;2017-05-15 11:01:02;19', '15;kitchen set dante;kitchen set ini adalah satu set di mana satu set adalah satu set;Hydrangeas.jpg;2017-05-01 00:00:00;2017-05-31 00:00:00;2017-05-31 00:00:00;1000000;0;1;1;8;1;0;;2017-05-08 13:00:46;19;2017-05-15 11:00:32;18;2017-05-15 11:01:02;19;0000-00-00 00:00:00;0;0000-00-00 00:00:00;0;0000-00-00 00:00:00;0;0000-00-00 00:00:00;0;6;3;3;Ciputra Golf, Club & Hotel Surabaya;CitraLand, Lakarsantri, Surabaya City, East Java, Indonesia;-6.168000;106.787003;Gwalk Citraland surabaya Bakwan Dempo 19;susi 0812345678;Pakuwon Mall;Pakuwon Mall, Jalan Raya Lontar, Lontar, Surabaya City, East Java, Indonesia;-7.275000;112.802696;mall baru;sandi 0812343212;18;2017-04-28 15:37:16;18;2017-05-15 11:30:20;19', '2017-05-15 04:30:20', 0),
(14, 15, '15;kitchen set dante;kitchen set ini adalah satu set di mana satu set adalah satu set;Hydrangeas.jpg;2017-05-01 00:00:00;2017-05-31 00:00:00;2017-05-31 00:00:00;1000000;0;1;1;8;1;0;;2017-05-08 13:00:46;19;2017-05-15 11:00:32;18;2017-05-15 11:01:02;19;0000-00-00 00:00:00;0;0000-00-00 00:00:00;0;0000-00-00 00:00:00;0;0000-00-00 00:00:00;0;6;3;3;Ciputra Golf, Club & Hotel Surabaya;CitraLand, Lakarsantri, Surabaya City, East Java, Indonesia;-6.168000;106.787003;Gwalk Citraland surabaya Bakwan Dempo 19;susi 0812345678;Pakuwon Mall;Pakuwon Mall, Jalan Raya Lontar, Lontar, Surabaya City, East Java, Indonesia;-7.275000;112.802696;mall baru;sandi 0812343212;18;2017-04-28 15:37:16;18;2017-05-15 11:30:20;19', '15;kitchen set dante;kitchen set ini adalah satu set di mana satu set adalah satu set;Hydrangeas.jpg;2017-05-01 00:00:00;2017-05-31 00:00:00;2017-05-31 00:00:00;1000000;0;1;1;8;2;0;;2017-05-08 13:00:46;19;2017-05-15 11:00:32;18;2017-05-15 11:30:33;19;0000-00-00 00:00:00;0;0000-00-00 00:00:00;0;0000-00-00 00:00:00;0;0000-00-00 00:00:00;0;6;3;3;Ciputra Golf, Club & Hotel Surabaya;CitraLand, Lakarsantri, Surabaya City, East Java, Indonesia;-6.168000;106.787003;Gwalk Citraland surabaya Bakwan Dempo 19;susi 0812345678;Pakuwon Mall;Pakuwon Mall, Jalan Raya Lontar, Lontar, Surabaya City, East Java, Indonesia;-7.275000;112.802696;mall baru;sandi 0812343212;18;2017-04-28 15:37:16;18;2017-05-15 11:30:33;19', '2017-05-15 04:30:33', 0),
(15, 17, '17;bathroom set;ini adalah keterangan bathroom set;Chrysanthemum.jpg;2017-07-05 00:00:00;2017-07-20 00:00:00;2017-07-20 00:00:00;10000000;0;1;1;12.919;-1;0;;2017-05-08 13:00:46;19;0000-00-00 00:00:00;0;0000-00-00 00:00:00;0;0000-00-00 00:00:00;0;0000-00-00 00:00:00;0;0000-00-00 00:00:00;0;0000-00-00 00:00:00;0;Pakuwon Trade Center;Pakuwon Trade Center, Babatan, Surabaya City, East Java, Indonesia;-7.288700;112.673401;PTC depannya SMA Petra 1;adi 081235412123;Sekolah Tinggi Teknik Surabaya;Sekolah Tinggi Teknik Surabaya, Jalan Ngagel Jaya Tengah, Baratajaya, Surabaya C;-7.291306;112.758827;stts sekolah tinggi teknik surabaya;budi 09123123212;20;2017-05-05 10:54:34;20;2017-05-15 10:26:29;18', '17;bathroom set;ini adalah keterangan bathroom set;Chrysanthemum.jpg;2017-07-05 00:00:00;2017-07-20 00:00:00;2017-07-20 00:00:00;10000000;0;1;1;12.919;-1;0;;2017-05-08 13:00:46;19;0000-00-00 00:00:00;0;0000-00-00 00:00:00;0;0000-00-00 00:00:00;0;0000-00-00 00:00:00;0;0000-00-00 00:00:00;0;0000-00-00 00:00:00;0;Pakuwon Trade Center;Pakuwon Trade Center, Babatan, Surabaya City, East Java, Indonesia;-7.288700;112.673401;PTC depannya SMA Petra 1;adi 081235412123;Sekolah Tinggi Teknik Surabaya;Sekolah Tinggi Teknik Surabaya, Jalan Ngagel Jaya Tengah, Baratajaya, Surabaya C;-7.291306;112.758827;stts sekolah tinggi teknik surabaya;budi 09123123212;20;2017-05-05 10:54:34;20;2017-05-15 12:59:43;19', '2017-05-15 05:59:43', 0),
(16, 15, '15;kitchen set dante;kitchen set ini adalah satu set di mana satu set adalah satu set;Hydrangeas.jpg;2017-05-01 00:00:00;2017-05-31 00:00:00;2017-05-31 00:00:00;1000000;0;1;1;8;2;0;;2017-05-08 13:00:46;19;2017-05-15 11:00:32;18;2017-05-15 11:30:33;19;0000-00-00 00:00:00;0;0000-00-00 00:00:00;0;0000-00-00 00:00:00;0;0000-00-00 00:00:00;0;Ciputra Golf, Club & Hotel Surabaya;CitraLand, Lakarsantri, Surabaya City, East Java, Indonesia;-6.168000;106.787003;Gwalk Citraland surabaya Bakwan Dempo 19;susi 0812345678;Pakuwon Mall;Pakuwon Mall, Jalan Raya Lontar, Lontar, Surabaya City, East Java, Indonesia;-7.275000;112.802696;mall baru;sandi 0812343212;18;2017-04-28 15:37:16;18;2017-05-15 11:30:33;19', '15;kitchen set dante;kitchen set ini adalah satu set di mana satu set adalah satu set;Hydrangeas.jpg;2017-05-01 00:00:00;2017-05-31 00:00:00;2017-05-31 00:00:00;1000000;0;1;1;8;3;0;;2017-05-08 13:00:46;19;2017-05-15 11:00:32;18;2017-05-15 11:30:33;19;2017-05-15 14:11:28;19;0000-00-00 00:00:00;0;0000-00-00 00:00:00;0;0000-00-00 00:00:00;0;Ciputra Golf, Club & Hotel Surabaya;CitraLand, Lakarsantri, Surabaya City, East Java, Indonesia;-6.168000;106.787003;Gwalk Citraland surabaya Bakwan Dempo 19;susi 0812345678;Pakuwon Mall;Pakuwon Mall, Jalan Raya Lontar, Lontar, Surabaya City, East Java, Indonesia;-7.275000;112.802696;mall baru;sandi 0812343212;18;2017-04-28 15:37:16;18;2017-05-15 14:11:28;19', '2017-05-15 07:11:28', 0),
(17, 15, '15;kitchen set dante;kitchen set ini adalah satu set di mana satu set adalah satu set;Hydrangeas.jpg;2017-05-01 00:00:00;2017-05-31 00:00:00;2017-05-31 00:00:00;1000000;0;1;1;8;3;0;;2017-05-08 13:00:46;19;2017-05-15 11:00:32;18;2017-05-15 11:30:33;19;2017-05-15 14:11:28;19;0000-00-00 00:00:00;0;0000-00-00 00:00:00;0;0000-00-00 00:00:00;0;Ciputra Golf, Club & Hotel Surabaya;CitraLand, Lakarsantri, Surabaya City, East Java, Indonesia;-6.168000;106.787003;Gwalk Citraland surabaya Bakwan Dempo 19;susi 0812345678;Pakuwon Mall;Pakuwon Mall, Jalan Raya Lontar, Lontar, Surabaya City, East Java, Indonesia;-7.275000;112.802696;mall baru;sandi 0812343212;18;2017-04-28 15:37:16;18;2017-05-15 14:11:28;19', '15;kitchen set dante;kitchen set ini adalah satu set di mana satu set adalah satu set;Hydrangeas.jpg;2017-05-01 00:00:00;2017-05-31 00:00:00;2017-05-31 00:00:00;1000000;0;1;1;8;4;0;;2017-05-08 13:00:46;19;2017-05-15 11:00:32;18;2017-05-15 11:30:33;19;2017-05-15 14:11:28;19;2017-05-15 14:11:32;19;0000-00-00 00:00:00;0;0000-00-00 00:00:00;0;Ciputra Golf, Club & Hotel Surabaya;CitraLand, Lakarsantri, Surabaya City, East Java, Indonesia;-6.168000;106.787003;Gwalk Citraland surabaya Bakwan Dempo 19;susi 0812345678;Pakuwon Mall;Pakuwon Mall, Jalan Raya Lontar, Lontar, Surabaya City, East Java, Indonesia;-7.275000;112.802696;mall baru;sandi 0812343212;18;2017-04-28 15:37:16;18;2017-05-15 14:11:32;19', '2017-05-15 07:11:32', 0),
(18, 15, '15;kitchen set dante;kitchen set ini adalah satu set di mana satu set adalah satu set;Hydrangeas.jpg;2017-05-01 00:00:00;2017-05-31 00:00:00;2017-05-31 00:00:00;1000000;0;1;1;8;4;0;;2017-05-08 13:00:46;19;2017-05-15 11:00:32;18;2017-05-15 11:30:33;19;2017-05-15 14:11:28;19;2017-05-15 14:11:32;19;0000-00-00 00:00:00;0;0000-00-00 00:00:00;0;Ciputra Golf, Club & Hotel Surabaya;CitraLand, Lakarsantri, Surabaya City, East Java, Indonesia;-6.168000;106.787003;Gwalk Citraland surabaya Bakwan Dempo 19;susi 0812345678;Pakuwon Mall;Pakuwon Mall, Jalan Raya Lontar, Lontar, Surabaya City, East Java, Indonesia;-7.275000;112.802696;mall baru;sandi 0812343212;18;2017-04-28 15:37:16;18;2017-05-15 14:11:32;19', '15;kitchen set dante;kitchen set ini adalah satu set di mana satu set adalah satu set;Hydrangeas.jpg;2017-05-01 00:00:00;2017-05-31 00:00:00;2017-05-31 00:00:00;1000000;0;1;1;8;5;0;;2017-05-08 13:00:46;19;2017-05-15 11:00:32;18;2017-05-15 11:30:33;19;2017-05-15 14:11:28;19;2017-05-15 14:11:32;19;2017-05-15 14:11:34;19;0000-00-00 00:00:00;0;Ciputra Golf, Club & Hotel Surabaya;CitraLand, Lakarsantri, Surabaya City, East Java, Indonesia;-6.168000;106.787003;Gwalk Citraland surabaya Bakwan Dempo 19;susi 0812345678;Pakuwon Mall;Pakuwon Mall, Jalan Raya Lontar, Lontar, Surabaya City, East Java, Indonesia;-7.275000;112.802696;mall baru;sandi 0812343212;18;2017-04-28 15:37:16;18;2017-05-15 14:11:34;19', '2017-05-15 07:11:34', 0),
(19, 15, '15;kitchen set dante;kitchen set ini adalah satu set di mana satu set adalah satu set;Hydrangeas.jpg;2017-05-01 00:00:00;2017-05-31 00:00:00;2017-05-31 00:00:00;1000000;0;1;1;8;5;0;;2017-05-08 13:00:46;19;2017-05-15 11:00:32;18;2017-05-15 11:30:33;19;2017-05-15 14:11:28;19;2017-05-15 14:11:32;19;2017-05-15 14:11:34;19;0000-00-00 00:00:00;0;Ciputra Golf, Club & Hotel Surabaya;CitraLand, Lakarsantri, Surabaya City, East Java, Indonesia;-6.168000;106.787003;Gwalk Citraland surabaya Bakwan Dempo 19;susi 0812345678;Pakuwon Mall;Pakuwon Mall, Jalan Raya Lontar, Lontar, Surabaya City, East Java, Indonesia;-7.275000;112.802696;mall baru;sandi 0812343212;18;2017-04-28 15:37:16;18;2017-05-15 14:11:34;19', '15;kitchen set dante;kitchen set ini adalah satu set di mana satu set adalah satu set;Hydrangeas.jpg;2017-05-01 00:00:00;2017-05-31 00:00:00;2017-05-31 00:00:00;1000000;0;1;1;8;6;3;not bad lah;2017-05-08 13:00:46;19;2017-05-15 11:00:32;18;2017-05-15 11:30:33;19;2017-05-15 14:11:28;19;2017-05-15 14:11:32;19;2017-05-15 14:11:34;19;2017-05-15 14:14:12;18;Ciputra Golf, Club & Hotel Surabaya;CitraLand, Lakarsantri, Surabaya City, East Java, Indonesia;-6.168000;106.787003;Gwalk Citraland surabaya Bakwan Dempo 19;susi 0812345678;Pakuwon Mall;Pakuwon Mall, Jalan Raya Lontar, Lontar, Surabaya City, East Java, Indonesia;-7.275000;112.802696;mall baru;sandi 0812343212;18;2017-04-28 15:37:16;18;2017-05-15 14:14:12;18', '2017-05-15 07:14:12', 0),
(20, 15, '15;kitchen set dante;kitchen set ini adalah satu set di mana satu set adalah satu set;Hydrangeas.jpg;2017-05-01 00:00:00;2017-05-31 00:00:00;2017-05-31 00:00:00;1000000;0;1;1;8;6;3;not bad lah;2017-05-08 13:00:46;19;2017-05-15 11:00:32;18;2017-05-15 11:30:33;19;2017-05-15 14:11:28;19;2017-05-15 14:11:32;19;2017-05-15 14:11:34;19;2017-05-15 14:14:12;18;Ciputra Golf, Club & Hotel Surabaya;CitraLand, Lakarsantri, Surabaya City, East Java, Indonesia;-6.168000;106.787003;Gwalk Citraland surabaya Bakwan Dempo 19;susi 0812345678;Pakuwon Mall;Pakuwon Mall, Jalan Raya Lontar, Lontar, Surabaya City, East Java, Indonesia;-7.275000;112.802696;mall baru;sandi 0812343212;18;2017-04-28 15:37:16;18;2017-05-15 14:14:12;18', '15;kitchen set dante;kitchen set ini adalah satu set di mana satu set adalah satu set;Hydrangeas.jpg;2017-05-01 00:00:00;2017-05-31 00:00:00;2017-05-31 00:00:00;1000000;0;1;1;8;2;3;not bad lah;2017-05-08 13:00:46;19;2017-05-15 11:00:32;18;2017-05-15 11:30:33;19;2017-05-15 14:11:28;19;2017-05-15 14:11:32;19;2017-05-15 14:11:34;19;2017-05-15 14:14:12;18;Ciputra Golf, Club & Hotel Surabaya;CitraLand, Lakarsantri, Surabaya City, East Java, Indonesia;-6.168000;106.787003;Gwalk Citraland surabaya Bakwan Dempo 19;susi 0812345678;Pakuwon Mall;Pakuwon Mall, Jalan Raya Lontar, Lontar, Surabaya City, East Java, Indonesia;-7.275000;112.802696;mall baru;sandi 0812343212;18;2017-04-28 15:37:16;18;2017-05-15 15:15:22;18', '2017-05-15 08:15:22', 0),
(21, 15, '15;kitchen set dante;kitchen set ini adalah satu set di mana satu set adalah satu set;Hydrangeas.jpg;2017-05-01 00:00:00;2017-05-31 00:00:00;2017-05-31 00:00:00;1000000;0;1;1;8;2;3;not bad lah;2017-05-08 13:00:46;19;2017-05-15 11:00:32;18;2017-05-15 11:30:33;19;2017-05-15 14:11:28;19;2017-05-15 14:11:32;19;2017-05-15 14:11:34;19;2017-05-15 14:14:12;18;Ciputra Golf, Club & Hotel Surabaya;CitraLand, Lakarsantri, Surabaya City, East Java, Indonesia;-6.168000;106.787003;Gwalk Citraland surabaya Bakwan Dempo 19;susi 0812345678;Pakuwon Mall;Pakuwon Mall, Jalan Raya Lontar, Lontar, Surabaya City, East Java, Indonesia;-7.275000;112.802696;mall baru;sandi 0812343212;18;2017-04-28 15:37:16;18;2017-05-15 15:15:22;18', '15;kitchen set dante;kitchen set ini adalah satu set di mana satu set adalah satu set;Hydrangeas.jpg;2017-05-01 00:00:00;2017-05-31 00:00:00;2017-05-31 00:00:00;1000000;0;1;1;8;6;3;not bad lah;2017-05-08 13:00:46;19;2017-05-15 11:00:32;18;2017-05-15 11:30:33;19;2017-05-15 14:11:28;19;2017-05-15 14:11:32;19;2017-05-15 14:11:34;19;2017-05-15 14:14:12;18;Ciputra Golf, Club & Hotel Surabaya;CitraLand, Lakarsantri, Surabaya City, East Java, Indonesia;-6.168000;106.787003;Gwalk Citraland surabaya Bakwan Dempo 19;susi 0812345678;Pakuwon Mall;Pakuwon Mall, Jalan Raya Lontar, Lontar, Surabaya City, East Java, Indonesia;-7.275000;112.802696;mall baru;sandi 0812343212;18;2017-04-28 15:37:16;18;2017-05-15 16:39:08;18', '2017-05-15 09:39:08', 0),
(22, 15, '15;kitchen set dante;kitchen set ini adalah satu set di mana satu set adalah satu set;Hydrangeas.jpg;2017-05-01 00:00:00;2017-05-31 00:00:00;2017-05-31 00:00:00;1000000;0;1;1;8;6;3;not bad lah;2017-05-08 13:00:46;19;2017-05-15 11:00:32;18;2017-05-15 11:30:33;19;2017-05-15 14:11:28;19;2017-05-15 14:11:32;19;2017-05-15 14:11:34;19;2017-05-15 14:14:12;18;Ciputra Golf, Club & Hotel Surabaya;CitraLand, Lakarsantri, Surabaya City, East Java, Indonesia;-6.168000;106.787003;Gwalk Citraland surabaya Bakwan Dempo 19;susi 0812345678;Pakuwon Mall;Pakuwon Mall, Jalan Raya Lontar, Lontar, Surabaya City, East Java, Indonesia;-7.275000;112.802696;mall baru;sandi 0812343212;18;2017-04-28 15:37:16;18;2017-05-15 16:39:08;18', '15;kitchen set dante;kitchen set ini adalah satu set di mana satu set adalah satu set;Hydrangeas.jpg;2017-05-01 00:00:00;2017-05-31 00:00:00;2017-05-31 00:00:00;1000000;0;1;1;8;2;3;not bad lah;2017-05-08 13:00:46;19;2017-05-15 11:00:32;18;2017-05-15 11:30:33;19;2017-05-15 14:11:28;19;2017-05-15 14:11:32;19;2017-05-15 14:11:34;19;2017-05-15 14:14:12;18;Ciputra Golf, Club & Hotel Surabaya;CitraLand, Lakarsantri, Surabaya City, East Java, Indonesia;-6.168000;106.787003;Gwalk Citraland surabaya Bakwan Dempo 19;susi 0812345678;Pakuwon Mall;Pakuwon Mall, Jalan Raya Lontar, Lontar, Surabaya City, East Java, Indonesia;-7.275000;112.802696;mall baru;sandi 0812343212;18;2017-04-28 15:37:16;18;2017-05-16 08:38:42;18', '2017-05-16 01:38:42', 0),
(23, 15, '15;kitchen set dante;kitchen set ini adalah satu set di mana satu set adalah satu set;Hydrangeas.jpg;2017-05-01 00:00:00;2017-05-31 00:00:00;2017-05-31 00:00:00;1000000;0;1;1;8;2;3;not bad lah;2017-05-08 13:00:46;19;2017-05-15 11:00:32;18;2017-05-15 11:30:33;19;2017-05-15 14:11:28;19;2017-05-15 14:11:32;19;2017-05-15 14:11:34;19;2017-05-15 14:14:12;18;Ciputra Golf, Club & Hotel Surabaya;CitraLand, Lakarsantri, Surabaya City, East Java, Indonesia;-6.168000;106.787003;Gwalk Citraland surabaya Bakwan Dempo 19;susi 0812345678;Pakuwon Mall;Pakuwon Mall, Jalan Raya Lontar, Lontar, Surabaya City, East Java, Indonesia;-7.275000;112.802696;mall baru;sandi 0812343212;18;2017-04-28 15:37:16;18;2017-05-16 08:38:42;18', '15;kitchen set dante;kitchen set ini adalah satu set di mana satu set adalah satu set;Hydrangeas.jpg;2017-05-01 00:00:00;2017-05-31 00:00:00;2017-05-31 00:00:00;1000000;0;1;1;8;6;3;not bad lah;2017-05-08 13:00:46;19;2017-05-15 11:00:32;18;2017-05-15 11:30:33;19;2017-05-15 14:11:28;19;2017-05-15 14:11:32;19;2017-05-15 14:11:34;19;2017-05-15 14:14:12;18;Ciputra Golf, Club & Hotel Surabaya;CitraLand, Lakarsantri, Surabaya City, East Java, Indonesia;-6.168000;106.787003;Gwalk Citraland surabaya Bakwan Dempo 19;susi 0812345678;Pakuwon Mall;Pakuwon Mall, Jalan Raya Lontar, Lontar, Surabaya City, East Java, Indonesia;-7.275000;112.802696;mall baru;sandi 0812343212;18;2017-04-28 15:37:16;18;2017-05-16 11:34:00;18', '2017-05-16 04:34:00', 0),
(24, 14, '14;Sembako;ini adalah sembako yang akan dikirimkan ke beberapa tempat;Koala.jpg;2017-06-01 13:56:59;2017-06-08 00:00:00;2017-06-08 07:27:27;15000000;12500000;1;1;774;6;4;lumayan cepat pengirimannya;0000-00-00 00:00:00;0;2017-04-28 13:20:04;18;2017-05-02 13:38:23;19;2017-05-02 14:15:13;19;2017-05-02 15:13:14;19;2017-05-02 15:14:00;19;2017-05-04 11:40:15;18;Sekolah Tinggi Teknik Surabaya;STTS, Baratajaya, Surabaya City, East Java, Indonesia;-7.291000;112.758797;dari stts;budi 0123123;Jakarta;Jakarta, Indonesia;-6.174000;106.822701;tempat tujuan jkt;susi 123456;18;2017-04-18 15:18:35;18;2017-05-12 16:00:44;18', '14;Sembako;ini adalah sembako yang akan dikirimkan ke beberapa tempat;Koala.jpg;2017-06-01 13:56:59;2017-06-08 00:00:00;2017-06-08 07:27:27;15000000;12500000;1;1;774;0;4;lumayan cepat pengirimannya;0000-00-00 00:00:00;0;2017-04-28 13:20:04;18;2017-05-02 13:38:23;19;2017-05-02 14:15:13;19;2017-05-02 15:13:14;19;2017-05-02 15:14:00;19;2017-05-04 11:40:15;18;Sekolah Tinggi Teknik Surabaya;STTS, Baratajaya, Surabaya City, East Java, Indonesia;-7.291000;112.758797;dari stts;budi 0123123;Jakarta;Jakarta, Indonesia;-6.174000;106.822701;tempat tujuan jkt;susi 123456;18;2017-04-18 15:18:35;18;2017-05-16 15:53:45;18', '2017-05-16 08:53:45', 0),
(25, 14, '14;Sembako;ini adalah sembako yang akan dikirimkan ke beberapa tempat;Koala.jpg;2017-06-01 13:56:59;2017-06-08 00:00:00;2017-06-08 07:27:27;15000000;12500000;1;1;774;0;4;lumayan cepat pengirimannya;0000-00-00 00:00:00;0;2017-04-28 13:20:04;18;2017-05-02 13:38:23;19;2017-05-02 14:15:13;19;2017-05-02 15:13:14;19;2017-05-02 15:14:00;19;2017-05-04 11:40:15;18;Sekolah Tinggi Teknik Surabaya;STTS, Baratajaya, Surabaya City, East Java, Indonesia;-7.291000;112.758797;dari stts;budi 0123123;Jakarta;Jakarta, Indonesia;-6.174000;106.822701;tempat tujuan jkt;susi 123456;18;2017-04-18 15:18:35;18;2017-05-16 15:53:45;18', '14;Sembako;ini adalah sembako yang akan dikirimkan ke beberapa tempat;Koala.jpg;2017-06-01 13:56:59;2017-06-08 00:00:00;2017-06-08 07:27:27;15000000;12500000;1;2;774;0;4;lumayan cepat pengirimannya;0000-00-00 00:00:00;0;2017-04-28 13:20:04;18;2017-05-02 13:38:23;19;2017-05-02 14:15:13;19;2017-05-02 15:13:14;19;2017-05-02 15:14:00;19;2017-05-04 11:40:15;18;Sekolah Tinggi Teknik Surabaya;STTS, Baratajaya, Surabaya City, East Java, Indonesia;-7.291000;112.758797;dari stts;budi 0123123;Jakarta;Jakarta, Indonesia;-6.174000;106.822701;tempat tujuan jkt;susi 123456;18;2017-04-18 15:18:35;18;2017-05-16 15:54:05;18', '2017-05-16 08:54:05', 0),
(26, 14, '14;Sembako;ini adalah sembako yang akan dikirimkan ke beberapa tempat;Koala.jpg;2017-06-01 13:56:59;2017-06-08 00:00:00;2017-06-08 07:27:27;15000000;12500000;1;2;774;0;4;lumayan cepat pengirimannya;0000-00-00 00:00:00;0;2017-04-28 13:20:04;18;2017-05-02 13:38:23;19;2017-05-02 14:15:13;19;2017-05-02 15:13:14;19;2017-05-02 15:14:00;19;2017-05-04 11:40:15;18;Sekolah Tinggi Teknik Surabaya;STTS, Baratajaya, Surabaya City, East Java, Indonesia;-7.291000;112.758797;dari stts;budi 0123123;Jakarta;Jakarta, Indonesia;-6.174000;106.822701;tempat tujuan jkt;susi 123456;18;2017-04-18 15:18:35;18;2017-05-16 15:54:05;18', '14;Sembako;ini adalah sembako yang akan dikirimkan ke beberapa tempat;Koala.jpg;2017-06-01 13:56:59;2017-06-08 00:00:00;2017-06-08 07:27:27;15000000;12500000;1;1;774;0;4;lumayan cepat pengirimannya;0000-00-00 00:00:00;0;2017-04-28 13:20:04;18;2017-05-02 13:38:23;19;2017-05-02 14:15:13;19;2017-05-02 15:13:14;19;2017-05-02 15:14:00;19;2017-05-04 11:40:15;18;Sekolah Tinggi Teknik Surabaya;STTS, Baratajaya, Surabaya City, East Java, Indonesia;-7.291000;112.758797;dari stts;budi 0123123;Jakarta;Jakarta, Indonesia;-6.174000;106.822701;tempat tujuan jkt;susi 123456;18;2017-04-18 15:18:35;18;2017-05-16 15:54:10;18', '2017-05-16 08:54:10', 0),
(27, 14, '14;Sembako;ini adalah sembako yang akan dikirimkan ke beberapa tempat;Koala.jpg;2017-06-01 13:56:59;2017-06-08 00:00:00;2017-06-08 07:27:27;15000000;12500000;1;1;774;0;4;lumayan cepat pengirimannya;0000-00-00 00:00:00;0;2017-04-28 13:20:04;18;2017-05-02 13:38:23;19;2017-05-02 14:15:13;19;2017-05-02 15:13:14;19;2017-05-02 15:14:00;19;2017-05-04 11:40:15;18;Sekolah Tinggi Teknik Surabaya;STTS, Baratajaya, Surabaya City, East Java, Indonesia;-7.291000;112.758797;dari stts;budi 0123123;Jakarta;Jakarta, Indonesia;-6.174000;106.822701;tempat tujuan jkt;susi 123456;18;2017-04-18 15:18:35;18;2017-05-16 15:54:10;18', '14;Sembako;ini adalah sembako yang akan dikirimkan ke beberapa tempat;Koala.jpg;2017-06-01 13:56:59;2017-06-08 00:00:00;2017-06-08 07:27:27;15000000;12500000;1;1;774;1;4;lumayan cepat pengirimannya;0000-00-00 00:00:00;0;2017-04-28 13:20:04;18;2017-05-02 13:38:23;19;2017-05-02 14:15:13;19;2017-05-02 15:13:14;19;2017-05-02 15:14:00;19;2017-05-04 11:40:15;18;Sekolah Tinggi Teknik Surabaya;STTS, Baratajaya, Surabaya City, East Java, Indonesia;-7.291000;112.758797;dari stts;budi 0123123;Jakarta;Jakarta, Indonesia;-6.174000;106.822701;tempat tujuan jkt;susi 123456;18;2017-04-18 15:18:35;18;2017-05-16 15:54:12;18', '2017-05-16 08:54:12', 0),
(28, 14, '14;Sembako;ini adalah sembako yang akan dikirimkan ke beberapa tempat;Koala.jpg;2017-06-01 13:56:59;2017-06-08 00:00:00;2017-06-08 07:27:27;15000000;12500000;1;1;774;1;4;lumayan cepat pengirimannya;0000-00-00 00:00:00;0;2017-04-28 13:20:04;18;2017-05-02 13:38:23;19;2017-05-02 14:15:13;19;2017-05-02 15:13:14;19;2017-05-02 15:14:00;19;2017-05-04 11:40:15;18;Sekolah Tinggi Teknik Surabaya;STTS, Baratajaya, Surabaya City, East Java, Indonesia;-7.291000;112.758797;dari stts;budi 0123123;Jakarta;Jakarta, Indonesia;-6.174000;106.822701;tempat tujuan jkt;susi 123456;18;2017-04-18 15:18:35;18;2017-05-16 15:54:12;18', '14;Sembako;ini adalah sembako yang akan dikirimkan ke beberapa tempat;Koala.jpg;2017-06-01 13:56:59;2017-06-08 00:00:00;2017-06-08 07:27:27;15000000;12500000;1;1;774;2;4;lumayan cepat pengirimannya;0000-00-00 00:00:00;0;2017-04-28 13:20:04;18;2017-05-02 13:38:23;19;2017-05-02 14:15:13;19;2017-05-02 15:13:14;19;2017-05-02 15:14:00;19;2017-05-04 11:40:15;18;Sekolah Tinggi Teknik Surabaya;STTS, Baratajaya, Surabaya City, East Java, Indonesia;-7.291000;112.758797;dari stts;budi 0123123;Jakarta;Jakarta, Indonesia;-6.174000;106.822701;tempat tujuan jkt;susi 123456;18;2017-04-18 15:18:35;18;2017-05-16 16:04:34;18', '2017-05-16 09:04:34', 0),
(29, 14, '14;Sembako;ini adalah sembako yang akan dikirimkan ke beberapa tempat;Koala.jpg;2017-06-01 13:56:59;2017-06-08 00:00:00;2017-06-08 07:27:27;15000000;12500000;1;1;774;2;4;lumayan cepat pengirimannya;0000-00-00 00:00:00;0;2017-04-28 13:20:04;18;2017-05-02 13:38:23;19;2017-05-02 14:15:13;19;2017-05-02 15:13:14;19;2017-05-02 15:14:00;19;2017-05-04 11:40:15;18;Sekolah Tinggi Teknik Surabaya;STTS, Baratajaya, Surabaya City, East Java, Indonesia;-7.291000;112.758797;dari stts;budi 0123123;Jakarta;Jakarta, Indonesia;-6.174000;106.822701;tempat tujuan jkt;susi 123456;18;2017-04-18 15:18:35;18;2017-05-16 16:04:34;18', '14;Sembako;ini adalah sembako yang akan dikirimkan ke beberapa tempat;Koala.jpg;2017-06-01 13:56:59;2017-06-08 00:00:00;2017-06-08 07:27:27;15000000;12500000;1;1;774;6;4;lumayan cepat pengirimannya;0000-00-00 00:00:00;0;2017-04-28 13:20:04;18;2017-05-02 13:38:23;19;2017-05-02 14:15:13;19;2017-05-02 15:13:14;19;2017-05-02 15:14:00;19;2017-05-04 11:40:15;18;Sekolah Tinggi Teknik Surabaya;STTS, Baratajaya, Surabaya City, East Java, Indonesia;-7.291000;112.758797;dari stts;budi 0123123;Jakarta;Jakarta, Indonesia;-6.174000;106.822701;tempat tujuan jkt;susi 123456;18;2017-04-18 15:18:35;18;2017-05-16 16:04:48;18', '2017-05-16 09:04:48', 0),
(30, 14, '14;Sembako;ini adalah sembako yang akan dikirimkan ke beberapa tempat;Koala.jpg;2017-06-01 13:56:59;2017-06-08 00:00:00;2017-06-08 07:27:27;15000000;12500000;1;1;774;6;4;lumayan cepat pengirimannya;0000-00-00 00:00:00;0;2017-04-28 13:20:04;18;2017-05-02 13:38:23;19;2017-05-02 14:15:13;19;2017-05-02 15:13:14;19;2017-05-02 15:14:00;19;2017-05-04 11:40:15;18;Sekolah Tinggi Teknik Surabaya;STTS, Baratajaya, Surabaya City, East Java, Indonesia;-7.291000;112.758797;dari stts;budi 0123123;Jakarta;Jakarta, Indonesia;-6.174000;106.822701;tempat tujuan jkt;susi 123456;18;2017-04-18 15:18:35;18;2017-05-16 16:04:48;18', '14;Sembako;ini adalah sembako yang akan dikirimkan ke beberapa tempat;Koala.jpg;2017-06-01 13:56:59;2017-06-08 00:00:00;2017-06-08 07:27:27;15000000;12500000;1;1;774;6;4;lumayan cepat pengirimannya;0000-00-00 00:00:00;0;2017-04-28 13:20:04;18;2017-05-02 13:38:23;19;2017-05-02 14:15:13;19;2017-05-02 15:13:14;19;2017-05-03 15:14:00;19;2017-05-04 11:40:15;18;Sekolah Tinggi Teknik Surabaya;STTS, Baratajaya, Surabaya City, East Java, Indonesia;-7.291000;112.758797;dari stts;budi 0123123;Jakarta;Jakarta, Indonesia;-6.174000;106.822701;tempat tujuan jkt;susi 123456;18;2017-04-18 15:18:35;18;2017-05-16 16:24:42;18', '2017-05-16 09:24:42', 0),
(31, 15, '15;kitchen set dante;kitchen set ini adalah satu set di mana satu set adalah satu set;Hydrangeas.jpg;2017-05-01 00:00:00;2017-05-31 00:00:00;2017-05-31 00:00:00;1000000;0;1;1;8;6;3;not bad lah;2017-05-08 13:00:46;19;2017-05-15 11:00:32;18;2017-05-15 11:30:33;19;2017-05-15 14:11:28;19;2017-05-15 14:11:32;19;2017-05-15 14:11:34;19;2017-05-15 14:14:12;18;Ciputra Golf, Club & Hotel Surabaya;CitraLand, Lakarsantri, Surabaya City, East Java, Indonesia;-6.168000;106.787003;Gwalk Citraland surabaya Bakwan Dempo 19;susi 0812345678;Pakuwon Mall;Pakuwon Mall, Jalan Raya Lontar, Lontar, Surabaya City, East Java, Indonesia;-7.275000;112.802696;mall baru;sandi 0812343212;18;2017-04-28 15:37:16;18;2017-05-16 11:34:00;18', '15;kitchen set dante;kitchen set ini adalah satu set di mana satu set adalah satu set;Hydrangeas.jpg;2017-05-01 00:00:00;2017-05-31 00:00:00;2017-05-31 00:00:00;1000000;0;1;1;8;6;3;not bad lah;2017-05-08 00:00:00;19;2017-05-15 11:00:32;18;2017-05-15 11:30:33;19;2017-05-15 14:11:28;19;2017-05-15 14:11:32;19;2017-05-15 14:11:34;19;2017-05-15 14:14:12;18;Ciputra Golf, Club & Hotel Surabaya;CitraLand, Lakarsantri, Surabaya City, East Java, Indonesia;-6.168000;106.787003;Gwalk Citraland surabaya Bakwan Dempo 19;susi 0812345678;Pakuwon Mall;Pakuwon Mall, Jalan Raya Lontar, Lontar, Surabaya City, East Java, Indonesia;-7.275000;112.802696;mall baru;sandi 0812343212;18;2017-04-28 15:37:16;18;2017-05-16 16:25:42;18', '2017-05-16 09:25:42', 0),
(32, 15, '15;kitchen set dante;kitchen set ini adalah satu set di mana satu set adalah satu set;Hydrangeas.jpg;2017-05-01 00:00:00;2017-05-31 00:00:00;2017-05-31 00:00:00;1000000;0;1;1;8;6;3;not bad lah;2017-05-08 00:00:00;19;2017-05-15 11:00:32;18;2017-05-15 11:30:33;19;2017-05-15 14:11:28;19;2017-05-15 14:11:32;19;2017-05-15 14:11:34;19;2017-05-15 14:14:12;18;Ciputra Golf, Club & Hotel Surabaya;CitraLand, Lakarsantri, Surabaya City, East Java, Indonesia;-6.168000;106.787003;Gwalk Citraland surabaya Bakwan Dempo 19;susi 0812345678;Pakuwon Mall;Pakuwon Mall, Jalan Raya Lontar, Lontar, Surabaya City, East Java, Indonesia;-7.275000;112.802696;mall baru;sandi 0812343212;18;2017-04-28 15:37:16;18;2017-05-16 16:25:42;18', '15;kitchen set dante;kitchen set ini adalah satu set di mana satu set adalah satu set;Hydrangeas.jpg;2017-05-01 00:00:00;2017-05-31 00:00:00;2017-05-31 00:00:00;1000000;0;1;1;8;6;3;not bad lah;2000-05-08 00:00:00;19;2017-05-15 11:00:32;18;2017-05-15 11:30:33;19;2017-05-15 14:11:28;19;2017-05-15 14:11:32;19;2017-05-15 14:11:34;19;2017-05-15 14:14:12;18;Ciputra Golf, Club & Hotel Surabaya;CitraLand, Lakarsantri, Surabaya City, East Java, Indonesia;-6.168000;106.787003;Gwalk Citraland surabaya Bakwan Dempo 19;susi 0812345678;Pakuwon Mall;Pakuwon Mall, Jalan Raya Lontar, Lontar, Surabaya City, East Java, Indonesia;-7.275000;112.802696;mall baru;sandi 0812343212;18;2017-04-28 15:37:16;18;2017-05-16 16:25:53;18', '2017-05-16 09:25:53', 0),
(33, 15, '15;kitchen set dante;kitchen set ini adalah satu set di mana satu set adalah satu set;Hydrangeas.jpg;2017-05-01 00:00:00;2017-05-31 00:00:00;2017-05-31 00:00:00;1000000;0;1;1;8;6;3;not bad lah;2000-05-08 00:00:00;19;2017-05-15 11:00:32;18;2017-05-15 11:30:33;19;2017-05-15 14:11:28;19;2017-05-15 14:11:32;19;2017-05-15 14:11:34;19;2017-05-15 14:14:12;18;Ciputra Golf, Club & Hotel Surabaya;CitraLand, Lakarsantri, Surabaya City, East Java, Indonesia;-6.168000;106.787003;Gwalk Citraland surabaya Bakwan Dempo 19;susi 0812345678;Pakuwon Mall;Pakuwon Mall, Jalan Raya Lontar, Lontar, Surabaya City, East Java, Indonesia;-7.275000;112.802696;mall baru;sandi 0812343212;18;2017-04-28 15:37:16;18;2017-05-16 16:25:53;18', '15;kitchen set dante;kitchen set ini adalah satu set di mana satu set adalah satu set;Hydrangeas.jpg;2017-05-01 00:00:00;2017-05-31 00:00:00;2017-05-31 00:00:00;1000000;0;1;1;8;6;3;not bad lah;2000-05-08 00:00:00;19;2017-05-10 11:00:32;18;2017-05-15 11:30:33;19;2017-05-15 14:11:28;19;2017-05-15 14:11:32;19;2017-05-15 14:11:34;19;2017-05-15 14:14:12;18;Ciputra Golf, Club & Hotel Surabaya;CitraLand, Lakarsantri, Surabaya City, East Java, Indonesia;-6.168000;106.787003;Gwalk Citraland surabaya Bakwan Dempo 19;susi 0812345678;Pakuwon Mall;Pakuwon Mall, Jalan Raya Lontar, Lontar, Surabaya City, East Java, Indonesia;-7.275000;112.802696;mall baru;sandi 0812343212;18;2017-04-28 15:37:16;18;2017-05-16 16:26:09;18', '2017-05-16 09:26:09', 0),
(34, 15, '15;kitchen set dante;kitchen set ini adalah satu set di mana satu set adalah satu set;Hydrangeas.jpg;2017-05-01 00:00:00;2017-05-31 00:00:00;2017-05-31 00:00:00;1000000;0;1;1;8;6;3;not bad lah;2000-05-08 00:00:00;19;2017-05-10 11:00:32;18;2017-05-15 11:30:33;19;2017-05-15 14:11:28;19;2017-05-15 14:11:32;19;2017-05-15 14:11:34;19;2017-05-15 14:14:12;18;Ciputra Golf, Club & Hotel Surabaya;CitraLand, Lakarsantri, Surabaya City, East Java, Indonesia;-6.168000;106.787003;Gwalk Citraland surabaya Bakwan Dempo 19;susi 0812345678;Pakuwon Mall;Pakuwon Mall, Jalan Raya Lontar, Lontar, Surabaya City, East Java, Indonesia;-7.275000;112.802696;mall baru;sandi 0812343212;18;2017-04-28 15:37:16;18;2017-05-16 16:26:09;18', '15;kitchen set dante;kitchen set ini adalah satu set di mana satu set adalah satu set;Hydrangeas.jpg;2017-05-01 00:00:00;2017-05-31 00:00:00;2017-05-31 00:00:00;1000000;0;1;1;8;6;3;not bad lah;2000-05-08 00:00:00;19;2017-05-10 11:00:32;18;2017-05-15 11:30:33;19;2017-05-12 14:11:28;19;2017-05-15 14:11:32;19;2017-05-15 14:11:34;19;2017-05-15 14:14:12;18;Ciputra Golf, Club & Hotel Surabaya;CitraLand, Lakarsantri, Surabaya City, East Java, Indonesia;-6.168000;106.787003;Gwalk Citraland surabaya Bakwan Dempo 19;susi 0812345678;Pakuwon Mall;Pakuwon Mall, Jalan Raya Lontar, Lontar, Surabaya City, East Java, Indonesia;-7.275000;112.802696;mall baru;sandi 0812343212;18;2017-04-28 15:37:16;18;2017-05-16 16:26:22;18', '2017-05-16 09:26:22', 0),
(35, 15, '15;kitchen set dante;kitchen set ini adalah satu set di mana satu set adalah satu set;Hydrangeas.jpg;2017-05-01 00:00:00;2017-05-31 00:00:00;2017-05-31 00:00:00;1000000;0;1;1;8;6;3;not bad lah;2000-05-08 00:00:00;19;2017-05-10 11:00:32;18;2017-05-15 11:30:33;19;2017-05-12 14:11:28;19;2017-05-15 14:11:32;19;2017-05-15 14:11:34;19;2017-05-15 14:14:12;18;Ciputra Golf, Club & Hotel Surabaya;CitraLand, Lakarsantri, Surabaya City, East Java, Indonesia;-6.168000;106.787003;Gwalk Citraland surabaya Bakwan Dempo 19;susi 0812345678;Pakuwon Mall;Pakuwon Mall, Jalan Raya Lontar, Lontar, Surabaya City, East Java, Indonesia;-7.275000;112.802696;mall baru;sandi 0812343212;18;2017-04-28 15:37:16;18;2017-05-16 16:26:22;18', '15;kitchen set dante;kitchen set ini adalah satu set di mana satu set adalah satu set;Hydrangeas.jpg;2017-05-01 00:00:00;2017-05-31 00:00:00;2017-05-31 00:00:00;1000000;0;1;1;8;6;3;not bad lah;2000-05-08 00:00:00;19;2017-05-10 11:00:32;18;2017-05-15 11:30:33;19;2017-05-12 14:11:28;19;2017-05-15 14:11:32;19;2017-05-14 14:11:34;19;2017-05-15 14:14:12;18;Ciputra Golf, Club & Hotel Surabaya;CitraLand, Lakarsantri, Surabaya City, East Java, Indonesia;-6.168000;106.787003;Gwalk Citraland surabaya Bakwan Dempo 19;susi 0812345678;Pakuwon Mall;Pakuwon Mall, Jalan Raya Lontar, Lontar, Surabaya City, East Java, Indonesia;-7.275000;112.802696;mall baru;sandi 0812343212;18;2017-04-28 15:37:16;18;2017-05-16 16:26:29;18', '2017-05-16 09:26:29', 0),
(36, 18, '18;living room furniture;ini adalah living room furniture;Penguins1.jpg;2017-07-07 00:00:00;2017-07-29 00:00:00;2017-07-29 00:00:00;900000;0;1;1;0;-1;0;;0000-00-00 00:00:00;0;0000-00-00 00:00:00;0;0000-00-00 00:00:00;0;0000-00-00 00:00:00;0;0000-00-00 00:00:00;0;0000-00-00 00:00:00;0;0000-00-00 00:00:00;0;Dukuh Kupang;Dukuh Kupang, Surabaya City, East Java, Indonesia;-7.282440;112.710747;dukuh kupang gang 14 no 2;jenny 123456;Semarang;Semarang, Semarang City, Central Java, Indonesia;-7.005145;110.438126;rumah ranting no 123;bagas 654321;18;2017-05-23 08:26:19;18;2017-05-23 08:26:19;18', '18;living room furniture;ini adalah living room furniture;Penguins1.jpg;2017-07-07 00:00:00;2017-07-29 00:00:00;2017-07-29 00:00:00;900000;0;1;1;0;0;0;;0000-00-00 00:00:00;0;2017-05-23 08:28:58;18;0000-00-00 00:00:00;0;0000-00-00 00:00:00;0;0000-00-00 00:00:00;0;0000-00-00 00:00:00;0;0000-00-00 00:00:00;0;Dukuh Kupang;Dukuh Kupang, Surabaya City, East Java, Indonesia;-7.282440;112.710747;dukuh kupang gang 14 no 2;jenny 123456;Semarang;Semarang, Semarang City, Central Java, Indonesia;-7.005145;110.438126;rumah ranting no 123;bagas 654321;18;2017-05-23 08:26:19;18;2017-05-23 08:28:58;18', '2017-05-23 01:28:58', 0),
(37, 18, '18;living room furniture;ini adalah living room furniture;Penguins1.jpg;2017-07-07 00:00:00;2017-07-29 00:00:00;2017-07-29 00:00:00;900000;0;1;1;0;0;0;;0000-00-00 00:00:00;0;2017-05-23 08:28:58;18;0000-00-00 00:00:00;0;0000-00-00 00:00:00;0;0000-00-00 00:00:00;0;0000-00-00 00:00:00;0;0000-00-00 00:00:00;0;Dukuh Kupang;Dukuh Kupang, Surabaya City, East Java, Indonesia;-7.282440;112.710747;dukuh kupang gang 14 no 2;jenny 123456;Semarang;Semarang, Semarang City, Central Java, Indonesia;-7.005145;110.438126;rumah ranting no 123;bagas 654321;18;2017-05-23 08:26:19;18;2017-05-23 08:28:58;18', '18;living room furniture;ini adalah living room furniture;Penguins1.jpg;2017-07-07 00:00:00;2017-07-29 00:00:00;2017-07-29 00:00:00;900000;0;1;1;0;1;0;;0000-00-00 00:00:00;0;2017-05-23 08:28:58;18;0000-00-00 00:00:00;0;0000-00-00 00:00:00;0;0000-00-00 00:00:00;0;0000-00-00 00:00:00;0;0000-00-00 00:00:00;0;Dukuh Kupang;Dukuh Kupang, Surabaya City, East Java, Indonesia;-7.282440;112.710747;dukuh kupang gang 14 no 2;jenny 123456;Semarang;Semarang, Semarang City, Central Java, Indonesia;-7.005145;110.438126;rumah ranting no 123;bagas 654321;18;2017-05-23 08:26:19;18;2017-05-23 08:31:34;19', '2017-05-23 01:31:34', 0),
(38, 18, '18;living room furniture;ini adalah living room furniture;Penguins1.jpg;2017-07-07 00:00:00;2017-07-29 00:00:00;2017-07-29 00:00:00;900000;0;1;1;0;1;0;;0000-00-00 00:00:00;0;2017-05-23 08:28:58;18;0000-00-00 00:00:00;0;0000-00-00 00:00:00;0;0000-00-00 00:00:00;0;0000-00-00 00:00:00;0;0000-00-00 00:00:00;0;Dukuh Kupang;Dukuh Kupang, Surabaya City, East Java, Indonesia;-7.282440;112.710747;dukuh kupang gang 14 no 2;jenny 123456;Semarang;Semarang, Semarang City, Central Java, Indonesia;-7.005145;110.438126;rumah ranting no 123;bagas 654321;18;2017-05-23 08:26:19;18;2017-05-23 08:31:34;19', '18;living room furniture;ini adalah living room furniture;Penguins1.jpg;2017-07-07 00:00:00;2017-07-29 00:00:00;2017-07-29 00:00:00;900000;0;1;1;0;2;0;;0000-00-00 00:00:00;0;2017-05-23 08:28:58;18;2017-05-23 08:41:05;19;0000-00-00 00:00:00;0;0000-00-00 00:00:00;0;0000-00-00 00:00:00;0;0000-00-00 00:00:00;0;Dukuh Kupang;Dukuh Kupang, Surabaya City, East Java, Indonesia;-7.282440;112.710747;dukuh kupang gang 14 no 2;jenny 123456;Semarang;Semarang, Semarang City, Central Java, Indonesia;-7.005145;110.438126;rumah ranting no 123;bagas 654321;18;2017-05-23 08:26:19;18;2017-05-23 08:41:05;19', '2017-05-23 01:41:05', 0),
(39, 1, '1;Kirim furniture;Barang berupa furniture sehingga tidak boleh basah;ship1.jpg;2017-05-01 13:56:56;2017-05-31 10:18:00;2017-05-31 10:18:00;1000000;900000;1;1;100;-1;2;;2017-05-08 13:00:46;19;2017-04-28 13:16:04;0;2017-04-11 10:18:00;0;2017-04-11 10:18:00;0;2017-04-11 10:18:00;0;2017-04-11 10:18:00;0;2017-04-11 10:18:00;0;Pabrik legundi;Jl. Raya Legundi no.99, Desa Krikilan, Kec. Driyorejo, Krikilan, Driyorejo;-7.382077;112.571754;Legundi 99 Gresik;Ony 08121212121;Lebani;Jl. Raya Lebani 100, Gresik;-7.382077;112.571754;Lebani Waras;Tono 081313131313;1;2017-04-11 10:18:00;1;2017-05-12 16:00:41;19', '1;Kirim furniture;Barang berupa furniture sehingga tidak boleh basah;ship1.jpg;2017-05-01 13:56:56;2017-05-31 10:18:00;2017-05-31 10:18:00;1000000;900000;1;1;100;-1;2;;2017-05-08 13:00:46;19;2017-04-28 13:16:04;0;2017-04-11 10:18:00;0;2017-04-11 10:18:00;0;2017-04-11 10:18:00;0;2017-04-11 10:18:00;0;2017-04-11 10:18:00;0;Pabrik legundi;Jl. Raya Legundi no.99, Desa Krikilan, Kec. Driyorejo, Krikilan, Driyorejo;-7.382077;112.571754;Legundi 99 Gresik;Ony 08121212121;Lebani;Jl. Raya Lebani 100, Gresik;-7.382077;112.571754;Lebani Waras;Tono 081313131313;1;2017-04-11 10:18:00;1;2017-05-23 09:01:03;19', '2017-05-23 02:01:03', 0),
(40, 14, '14;Sembako;ini adalah sembako yang akan dikirimkan ke beberapa tempat;Koala.jpg;2017-06-01 13:56:59;2017-06-08 00:00:00;2017-06-08 07:27:27;15000000;12500000;1;1;774;6;4;lumayan cepat pengirimannya;0000-00-00 00:00:00;0;2017-04-28 13:20:04;18;2017-05-02 13:38:23;19;2017-05-02 14:15:13;19;2017-05-02 15:13:14;19;2017-05-03 15:14:00;19;2017-05-04 11:40:15;18;Sekolah Tinggi Teknik Surabaya;STTS, Baratajaya, Surabaya City, East Java, Indonesia;-7.291000;112.758797;dari stts;budi 0123123;Jakarta;Jakarta, Indonesia;-6.174000;106.822701;tempat tujuan jkt;susi 123456;18;2017-04-18 15:18:35;18;2017-05-16 16:24:42;18', '14;Sembako;ini adalah sembako yang akan dikirimkan ke beberapa tempat;Koala.jpg;2017-06-01 13:56:59;2017-06-08 00:00:00;2017-06-08 07:27:27;15000000;12500000;1;1;774;6;4;lumayan cepat pengirimannya;0000-00-00 00:00:00;0;2017-04-28 13:20:04;18;2017-05-02 13:38:23;19;2017-05-02 14:15:13;19;2017-05-02 15:13:14;19;2017-05-03 15:14:00;19;2017-05-04 11:40:15;18;Sekolah Tinggi Teknik Surabaya;STTS, Baratajaya, Surabaya City, East Java, Indonesia;-7.291000;112.758797;dari stts;budi 0123123;Jakarta;Jakarta, Indonesia;-6.174000;106.822701;tempat tujuan jkt;susi 123456;18;2017-04-18 15:18:35;18;2017-05-23 09:01:06;18', '2017-05-23 02:01:06', 0),
(41, 15, '15;kitchen set dante;kitchen set ini adalah satu set di mana satu set adalah satu set;Hydrangeas.jpg;2017-05-01 00:00:00;2017-05-31 00:00:00;2017-05-31 00:00:00;1000000;0;1;1;8;6;3;not bad lah;2000-05-08 00:00:00;19;2017-05-10 11:00:32;18;2017-05-15 11:30:33;19;2017-05-12 14:11:28;19;2017-05-15 14:11:32;19;2017-05-14 14:11:34;19;2017-05-15 14:14:12;18;Ciputra Golf, Club & Hotel Surabaya;CitraLand, Lakarsantri, Surabaya City, East Java, Indonesia;-6.168000;106.787003;Gwalk Citraland surabaya Bakwan Dempo 19;susi 0812345678;Pakuwon Mall;Pakuwon Mall, Jalan Raya Lontar, Lontar, Surabaya City, East Java, Indonesia;-7.275000;112.802696;mall baru;sandi 0812343212;18;2017-04-28 15:37:16;18;2017-05-16 16:26:29;18', '15;kitchen set dante;kitchen set ini adalah satu set di mana satu set adalah satu set;Hydrangeas.jpg;2017-05-01 00:00:00;2017-05-31 00:00:00;2017-05-31 00:00:00;1000000;0;1;1;8;6;3;not bad lah;2000-05-08 00:00:00;19;2017-05-10 11:00:32;18;2017-05-15 11:30:33;19;2017-05-12 14:11:28;19;2017-05-15 14:11:32;19;2017-05-14 14:11:34;19;2017-05-15 14:14:12;18;Ciputra Golf, Club & Hotel Surabaya;CitraLand, Lakarsantri, Surabaya City, East Java, Indonesia;-6.168000;106.787003;Gwalk Citraland surabaya Bakwan Dempo 19;susi 0812345678;Pakuwon Mall;Pakuwon Mall, Jalan Raya Lontar, Lontar, Surabaya City, East Java, Indonesia;-7.275000;112.802696;mall baru;sandi 0812343212;18;2017-04-28 15:37:16;18;2017-05-23 09:01:08;18', '2017-05-23 02:01:08', 0);
INSERT INTO `log_shipment` (`log_shipment_id`, `shipment_id`, `value_before`, `value_after`, `created_date`, `created_by`) VALUES
(42, 16, '16;barang bukti;barang mudah pecah, mudah rusak, mudah hilang;Tulips.jpg;2017-06-01 00:00:00;2017-06-23 00:00:00;2017-06-23 00:00:00;15000000;0;1;1;254;7;0;;2017-05-08 13:10:23;20;2017-05-08 10:11:46;20;2017-05-08 11:01:11;19;0000-00-00 00:00:00;0;0000-00-00 00:00:00;0;0000-00-00 00:00:00;0;0000-00-00 00:00:00;0;Bali;Bali, Indonesia;-8.340000;115.092003;ini adalah bali;susi 08123445678;Jimbaran;Jimbaran, Badung Regency, Bali, Indonesia;-8.790000;115.159302;ini adalah jimbaran;budi 08812342324;20;2017-05-04 13:03:33;20;2017-05-12 16:00:50;20', '16;barang bukti;barang mudah pecah, mudah rusak, mudah hilang;Tulips.jpg;2017-06-01 00:00:00;2017-06-23 00:00:00;2017-06-23 00:00:00;15000000;0;1;1;254;7;0;;2017-05-08 13:10:23;20;2017-05-08 10:11:46;20;2017-05-08 11:01:11;19;0000-00-00 00:00:00;0;0000-00-00 00:00:00;0;0000-00-00 00:00:00;0;0000-00-00 00:00:00;0;Bali;Bali, Indonesia;-8.340000;115.092003;ini adalah bali;susi 08123445678;Jimbaran;Jimbaran, Badung Regency, Bali, Indonesia;-8.790000;115.159302;ini adalah jimbaran;budi 08812342324;20;2017-05-04 13:03:33;20;2017-05-23 09:01:11;20', '2017-05-23 02:01:11', 0),
(43, 17, '17;bathroom set;ini adalah keterangan bathroom set;Chrysanthemum.jpg;2017-07-05 00:00:00;2017-07-20 00:00:00;2017-07-20 00:00:00;10000000;0;1;1;12.919;-1;0;;2017-05-08 13:00:46;19;0000-00-00 00:00:00;0;0000-00-00 00:00:00;0;0000-00-00 00:00:00;0;0000-00-00 00:00:00;0;0000-00-00 00:00:00;0;0000-00-00 00:00:00;0;Pakuwon Trade Center;Pakuwon Trade Center, Babatan, Surabaya City, East Java, Indonesia;-7.288700;112.673401;PTC depannya SMA Petra 1;adi 081235412123;Sekolah Tinggi Teknik Surabaya;Sekolah Tinggi Teknik Surabaya, Jalan Ngagel Jaya Tengah, Baratajaya, Surabaya C;-7.291306;112.758827;stts sekolah tinggi teknik surabaya;budi 09123123212;20;2017-05-05 10:54:34;20;2017-05-15 12:59:43;19', '17;bathroom set;ini adalah keterangan bathroom set;Chrysanthemum.jpg;2017-07-05 00:00:00;2017-07-20 00:00:00;2017-07-20 00:00:00;10000000;0;1;1;12.919;-1;0;;2017-05-08 13:00:46;19;0000-00-00 00:00:00;0;0000-00-00 00:00:00;0;0000-00-00 00:00:00;0;0000-00-00 00:00:00;0;0000-00-00 00:00:00;0;0000-00-00 00:00:00;0;Pakuwon Trade Center;Pakuwon Trade Center, Babatan, Surabaya City, East Java, Indonesia;-7.288700;112.673401;PTC depannya SMA Petra 1;adi 081235412123;Sekolah Tinggi Teknik Surabaya;Sekolah Tinggi Teknik Surabaya, Jalan Ngagel Jaya Tengah, Baratajaya, Surabaya C;-7.291306;112.758827;stts sekolah tinggi teknik surabaya;budi 09123123212;20;2017-05-05 10:54:34;20;2017-05-23 09:01:13;19', '2017-05-23 02:01:13', 0),
(44, 18, '18;living room furniture;ini adalah living room furniture;Penguins1.jpg;2017-07-07 00:00:00;2017-07-29 00:00:00;2017-07-29 00:00:00;900000;0;1;1;0;2;0;;0000-00-00 00:00:00;0;2017-05-23 08:28:58;18;2017-05-23 08:41:05;19;0000-00-00 00:00:00;0;0000-00-00 00:00:00;0;0000-00-00 00:00:00;0;0000-00-00 00:00:00;0;Dukuh Kupang;Dukuh Kupang, Surabaya City, East Java, Indonesia;-7.282440;112.710747;dukuh kupang gang 14 no 2;jenny 123456;Semarang;Semarang, Semarang City, Central Java, Indonesia;-7.005145;110.438126;rumah ranting no 123;bagas 654321;18;2017-05-23 08:26:19;18;2017-05-23 08:41:05;19', '18;living room furniture;ini adalah living room furniture;Penguins1.jpg;2017-07-07 00:00:00;2017-07-29 00:00:00;2017-07-29 00:00:00;900000;0;1;1;0;1;0;;0000-00-00 00:00:00;0;2017-05-23 08:28:58;18;2017-05-23 08:41:05;19;0000-00-00 00:00:00;0;0000-00-00 00:00:00;0;0000-00-00 00:00:00;0;0000-00-00 00:00:00;0;Dukuh Kupang;Dukuh Kupang, Surabaya City, East Java, Indonesia;-7.282440;112.710747;dukuh kupang gang 14 no 2;jenny 123456;Semarang;Semarang, Semarang City, Central Java, Indonesia;-7.005145;110.438126;rumah ranting no 123;bagas 654321;18;2017-05-23 08:26:19;18;2017-05-23 09:01:33;19', '2017-05-23 02:01:33', 0),
(45, 18, '18;living room furniture;ini adalah living room furniture;Penguins1.jpg;2017-07-07 00:00:00;2017-07-29 00:00:00;2017-07-29 00:00:00;900000;0;1;1;0;1;0;;0000-00-00 00:00:00;0;2017-05-23 08:28:58;18;2017-05-23 08:41:05;19;0000-00-00 00:00:00;0;0000-00-00 00:00:00;0;0000-00-00 00:00:00;0;0000-00-00 00:00:00;0;Dukuh Kupang;Dukuh Kupang, Surabaya City, East Java, Indonesia;-7.282440;112.710747;dukuh kupang gang 14 no 2;jenny 123456;Semarang;Semarang, Semarang City, Central Java, Indonesia;-7.005145;110.438126;rumah ranting no 123;bagas 654321;18;2017-05-23 08:26:19;18;2017-05-23 09:01:33;19', '18;living room furniture;ini adalah living room furniture;Penguins1.jpg;2017-07-07 00:00:00;2017-07-29 00:00:00;2017-07-29 00:00:00;900000;0;1;1;0;2;0;;0000-00-00 00:00:00;0;2017-05-23 08:28:58;18;2017-05-23 08:41:05;19;0000-00-00 00:00:00;0;0000-00-00 00:00:00;0;0000-00-00 00:00:00;0;0000-00-00 00:00:00;0;Dukuh Kupang;Dukuh Kupang, Surabaya City, East Java, Indonesia;-7.282440;112.710747;dukuh kupang gang 14 no 2;jenny 123456;Semarang;Semarang, Semarang City, Central Java, Indonesia;-7.005145;110.438126;rumah ranting no 123;bagas 654321;18;2017-05-23 08:26:19;18;2017-05-23 09:03:05;19', '2017-05-23 02:03:05', 0),
(46, 17, '17;bathroom set;ini adalah keterangan bathroom set;Chrysanthemum.jpg;2017-07-05 00:00:00;2017-07-20 00:00:00;2017-07-20 00:00:00;10000000;0;1;1;12.919;-1;0;;2017-05-08 13:00:46;19;0000-00-00 00:00:00;0;0000-00-00 00:00:00;0;0000-00-00 00:00:00;0;0000-00-00 00:00:00;0;0000-00-00 00:00:00;0;0000-00-00 00:00:00;0;Pakuwon Trade Center;Pakuwon Trade Center, Babatan, Surabaya City, East Java, Indonesia;-7.288700;112.673401;PTC depannya SMA Petra 1;adi 081235412123;Sekolah Tinggi Teknik Surabaya;Sekolah Tinggi Teknik Surabaya, Jalan Ngagel Jaya Tengah, Baratajaya, Surabaya C;-7.291306;112.758827;stts sekolah tinggi teknik surabaya;budi 09123123212;20;2017-05-05 10:54:34;20;2017-05-23 09:01:13;19', '17;bathroom set;ini adalah keterangan bathroom set;Chrysanthemum.jpg;2017-07-05 00:00:00;2017-07-20 00:00:00;2017-07-20 00:00:00;10000000;0;1;1;12.919;-1;0;;2017-05-08 13:00:46;19;0000-00-00 00:00:00;0;0000-00-00 00:00:00;0;0000-00-00 00:00:00;0;0000-00-00 00:00:00;0;0000-00-00 00:00:00;0;0000-00-00 00:00:00;0;Pakuwon Trade Center;Pakuwon Trade Center, Babatan, Surabaya City, East Java, Indonesia;-7.288700;112.673401;PTC depannya SMA Petra 1;adi 081235412123;Sekolah Tinggi Teknik Surabaya;Sekolah Tinggi Teknik Surabaya, Jalan Ngagel Jaya Tengah, Baratajaya, Surabaya C;-7.291306;112.758827;stts sekolah tinggi teknik surabaya;budi 09123123212;20;2017-05-05 10:54:34;20;2017-05-23 10:48:31;19', '2017-05-23 03:48:31', 0),
(47, 15, '15;kitchen set dante;kitchen set ini adalah satu set di mana satu set adalah satu set;Hydrangeas.jpg;2017-05-01 00:00:00;2017-05-31 00:00:00;2017-05-31 00:00:00;1000000;0;1;1;8;6;3;not bad lah;2000-05-08 00:00:00;19;2017-05-10 11:00:32;18;2017-05-15 11:30:33;19;2017-05-12 14:11:28;19;2017-05-15 14:11:32;19;2017-05-14 14:11:34;19;2017-05-15 14:14:12;18;Ciputra Golf, Club & Hotel Surabaya;CitraLand, Lakarsantri, Surabaya City, East Java, Indonesia;-6.168000;106.787003;Gwalk Citraland surabaya Bakwan Dempo 19;susi 0812345678;Pakuwon Mall;Pakuwon Mall, Jalan Raya Lontar, Lontar, Surabaya City, East Java, Indonesia;-7.275000;112.802696;mall baru;sandi 0812343212;18;2017-04-28 15:37:16;18;2017-05-23 09:01:08;18', '15;kitchen set dante;kitchen set ini adalah satu set di mana satu set adalah satu set;Hydrangeas.jpg;2017-05-01 00:00:00;2017-05-31 00:00:00;2017-05-31 00:00:00;1000000;0;1;1;8;6;3;not bad lah;2000-05-08 00:00:00;19;2017-05-10 11:00:32;18;2017-05-15 11:30:33;19;2017-05-12 14:11:28;19;2017-05-15 14:11:32;19;2017-05-14 14:11:34;19;2017-05-15 14:14:12;18;Ciputra Golf, Club & Hotel Surabaya;CitraLand, Lakarsantri, Surabaya City, East Java, Indonesia;-6.168000;106.787003;Gwalk Citraland surabaya Bakwan Dempo 19;susi 0812345678;Pakuwon Mall;Pakuwon Mall, Jalan Raya Lontar, Lontar, Surabaya City, East Java, Indonesia;-7.275000;112.802696;mall baru;sandi 0812343212;18;2017-04-28 15:37:16;18;2017-05-23 10:48:36;18', '2017-05-23 03:48:36', 0),
(48, 14, '14;Sembako;ini adalah sembako yang akan dikirimkan ke beberapa tempat;Koala.jpg;2017-06-01 13:56:59;2017-06-08 00:00:00;2017-06-08 07:27:27;15000000;12500000;1;1;774;6;4;lumayan cepat pengirimannya;0000-00-00 00:00:00;0;2017-04-28 13:20:04;18;2017-05-02 13:38:23;19;2017-05-02 14:15:13;19;2017-05-02 15:13:14;19;2017-05-03 15:14:00;19;2017-05-04 11:40:15;18;Sekolah Tinggi Teknik Surabaya;STTS, Baratajaya, Surabaya City, East Java, Indonesia;-7.291000;112.758797;dari stts;budi 0123123;Jakarta;Jakarta, Indonesia;-6.174000;106.822701;tempat tujuan jkt;susi 123456;18;2017-04-18 15:18:35;18;2017-05-23 09:01:06;18', '14;Sembako;ini adalah sembako yang akan dikirimkan ke beberapa tempat;Koala.jpg;2017-06-01 13:56:59;2017-06-08 00:00:00;2017-06-08 07:27:27;15000000;12500000;1;1;774;6;4;lumayan cepat pengirimannya;0000-00-00 00:00:00;0;2017-04-28 13:20:04;18;2017-05-02 13:38:23;19;2017-05-02 14:15:13;19;2017-05-02 15:13:14;19;2017-05-03 15:14:00;19;2017-05-04 11:40:15;18;Sekolah Tinggi Teknik Surabaya;STTS, Baratajaya, Surabaya City, East Java, Indonesia;-7.291000;112.758797;dari stts;budi 0123123;Jakarta;Jakarta, Indonesia;-6.174000;106.822701;tempat tujuan jkt;susi 123456;18;2017-04-18 15:18:35;18;2017-05-23 10:48:39;18', '2017-05-23 03:48:39', 0),
(49, 14, '14;Sembako;ini adalah sembako yang akan dikirimkan ke beberapa tempat;Koala.jpg;2017-06-01 13:56:59;2017-06-08 00:00:00;2017-06-08 07:27:27;15000000;12500000;1;1;774;6;4;lumayan cepat pengirimannya;0000-00-00 00:00:00;0;2017-04-28 13:20:04;18;2017-05-02 13:38:23;19;2017-05-02 14:15:13;19;2017-05-02 15:13:14;19;2017-05-03 15:14:00;19;2017-05-04 11:40:15;18;Sekolah Tinggi Teknik Surabaya;STTS, Baratajaya, Surabaya City, East Java, Indonesia;-7.291000;112.758797;dari stts;budi 0123123;Jakarta;Jakarta, Indonesia;-6.174000;106.822701;tempat tujuan jkt;susi 123456;18;2017-04-18 15:18:35;18;2017-05-23 10:48:39;18', '14;Sembako;ini adalah sembako yang akan dikirimkan ke beberapa tempat;Koala.jpg;2017-06-01 13:56:59;2017-06-08 00:00:00;2017-06-08 07:27:27;15000000;12500000;1;1;774;6;4;lumayan cepat pengirimannya;0000-00-00 00:00:00;0;2017-04-28 13:20:04;18;2017-05-02 13:38:23;19;2017-05-02 14:15:13;19;2017-05-02 15:13:14;19;2017-05-03 15:14:00;19;2017-05-04 11:40:15;18;Sekolah Tinggi Teknik Surabaya;STTS, Baratajaya, Surabaya City, East Java, Indonesia;-7.291000;112.758797;dari stts;budi 0123123;Jakarta;Jakarta, Indonesia;-6.174000;106.822701;tempat tujuan jkt;susi 123456;18;2017-04-18 15:18:35;18;2017-05-23 10:52:28;18', '2017-05-23 03:52:28', 0),
(50, 17, '17;bathroom set;ini adalah keterangan bathroom set;Chrysanthemum.jpg;2017-07-05 00:00:00;2017-07-20 00:00:00;2017-07-20 00:00:00;10000000;0;1;1;12.919;-1;0;;2017-05-08 13:00:46;19;0000-00-00 00:00:00;0;0000-00-00 00:00:00;0;0000-00-00 00:00:00;0;0000-00-00 00:00:00;0;0000-00-00 00:00:00;0;0000-00-00 00:00:00;0;Pakuwon Trade Center;Pakuwon Trade Center, Babatan, Surabaya City, East Java, Indonesia;-7.288700;112.673401;PTC depannya SMA Petra 1;adi 081235412123;Sekolah Tinggi Teknik Surabaya;Sekolah Tinggi Teknik Surabaya, Jalan Ngagel Jaya Tengah, Baratajaya, Surabaya C;-7.291306;112.758827;stts sekolah tinggi teknik surabaya;budi 09123123212;20;2017-05-05 10:54:34;20;2017-05-23 10:48:31;19', '17;bathroom set;ini adalah keterangan bathroom set;Chrysanthemum.jpg;2017-07-05 00:00:00;2017-07-20 00:00:00;2017-07-20 00:00:00;10000000;0;1;1;12.919;-1;0;;2017-05-08 13:00:46;19;0000-00-00 00:00:00;0;0000-00-00 00:00:00;0;0000-00-00 00:00:00;0;0000-00-00 00:00:00;0;0000-00-00 00:00:00;0;0000-00-00 00:00:00;0;Pakuwon Trade Center;Pakuwon Trade Center, Babatan, Surabaya City, East Java, Indonesia;-7.288700;112.673401;PTC depannya SMA Petra 1;adi 081235412123;Sekolah Tinggi Teknik Surabaya;Sekolah Tinggi Teknik Surabaya, Jalan Ngagel Jaya Tengah, Baratajaya, Surabaya C;-7.291306;112.758827;stts sekolah tinggi teknik surabaya;budi 09123123212;20;2017-05-05 10:54:34;20;2017-05-23 10:52:54;19', '2017-05-23 03:52:54', 0),
(51, 15, '15;kitchen set dante;kitchen set ini adalah satu set di mana satu set adalah satu set;Hydrangeas.jpg;2017-05-01 00:00:00;2017-05-31 00:00:00;2017-05-31 00:00:00;1000000;0;1;1;8;6;3;not bad lah;2000-05-08 00:00:00;19;2017-05-10 11:00:32;18;2017-05-15 11:30:33;19;2017-05-12 14:11:28;19;2017-05-15 14:11:32;19;2017-05-14 14:11:34;19;2017-05-15 14:14:12;18;Ciputra Golf, Club & Hotel Surabaya;CitraLand, Lakarsantri, Surabaya City, East Java, Indonesia;-6.168000;106.787003;Gwalk Citraland surabaya Bakwan Dempo 19;susi 0812345678;Pakuwon Mall;Pakuwon Mall, Jalan Raya Lontar, Lontar, Surabaya City, East Java, Indonesia;-7.275000;112.802696;mall baru;sandi 0812343212;18;2017-04-28 15:37:16;18;2017-05-23 10:48:36;18', '15;kitchen set dante;kitchen set ini adalah satu set di mana satu set adalah satu set;Hydrangeas.jpg;2017-05-01 00:00:00;2017-05-31 00:00:00;2017-05-31 00:00:00;1000000;0;1;1;8;6;3;not bad lah;2000-05-08 00:00:00;19;2017-05-10 11:00:32;18;2017-05-15 11:30:33;19;2017-05-12 14:11:28;19;2017-05-15 14:11:32;19;2017-05-14 14:11:34;19;2017-05-15 14:14:12;18;Ciputra Golf, Club & Hotel Surabaya;CitraLand, Lakarsantri, Surabaya City, East Java, Indonesia;-6.168000;106.787003;Gwalk Citraland surabaya Bakwan Dempo 19;susi 0812345678;Pakuwon Mall;Pakuwon Mall, Jalan Raya Lontar, Lontar, Surabaya City, East Java, Indonesia;-7.275000;112.802696;mall baru;sandi 0812343212;18;2017-04-28 15:37:16;18;2017-05-23 10:52:57;18', '2017-05-23 03:52:57', 0),
(52, 18, '18;living room furniture;ini adalah living room furniture;Penguins1.jpg;2017-07-07 00:00:00;2017-07-29 00:00:00;2017-07-29 00:00:00;900000;0;1;1;0;2;0;;0000-00-00 00:00:00;0;2017-05-23 08:28:58;18;2017-05-23 08:41:05;19;0000-00-00 00:00:00;0;0000-00-00 00:00:00;0;0000-00-00 00:00:00;0;0000-00-00 00:00:00;0;Dukuh Kupang;Dukuh Kupang, Surabaya City, East Java, Indonesia;-7.282440;112.710747;dukuh kupang gang 14 no 2;jenny 123456;Semarang;Semarang, Semarang City, Central Java, Indonesia;-7.005145;110.438126;rumah ranting no 123;bagas 654321;18;2017-05-23 08:26:19;18;2017-05-23 09:03:05;19', '18;living room furniture;ini adalah living room furniture;Penguins1.jpg;2017-07-07 00:00:00;2017-07-29 00:00:00;2017-07-29 00:00:00;900000;0;1;1;318;2;0;;0000-00-00 00:00:00;0;2017-05-23 08:28:58;18;2017-05-23 08:41:05;19;0000-00-00 00:00:00;0;0000-00-00 00:00:00;0;0000-00-00 00:00:00;0;0000-00-00 00:00:00;0;Dukuh Kupang;Dukuh Kupang, Surabaya City, East Java, Indonesia;-7.282440;112.710747;dukuh kupang gang 14 no 2;jenny 123456;Semarang;Semarang, Semarang City, Central Java, Indonesia;-7.005145;110.438126;rumah ranting no 123;bagas 654321;18;2017-05-23 08:26:19;18;2017-05-23 11:07:59;19', '2017-05-23 04:07:59', 0),
(53, 18, '18;living room furniture;ini adalah living room furniture;Penguins1.jpg;2017-07-07 00:00:00;2017-07-29 00:00:00;2017-07-29 00:00:00;900000;0;1;1;318;2;0;;0000-00-00 00:00:00;0;2017-05-23 08:28:58;18;2017-05-23 08:41:05;19;0000-00-00 00:00:00;0;0000-00-00 00:00:00;0;0000-00-00 00:00:00;0;0000-00-00 00:00:00;0;Dukuh Kupang;Dukuh Kupang, Surabaya City, East Java, Indonesia;-7.282440;112.710747;dukuh kupang gang 14 no 2;jenny 123456;Semarang;Semarang, Semarang City, Central Java, Indonesia;-7.005145;110.438126;rumah ranting no 123;bagas 654321;18;2017-05-23 08:26:19;18;2017-05-23 11:07:59;19', '18;living room furniture;ini adalah living room furniture;Penguins1.jpg;2017-07-07 00:00:00;2017-07-29 00:00:00;2017-07-29 00:00:00;900000;0;1;1;318;7;0;;2017-05-23 15:04:49;19;2017-05-23 08:28:58;18;2017-05-23 08:41:05;19;0000-00-00 00:00:00;0;0000-00-00 00:00:00;0;0000-00-00 00:00:00;0;0000-00-00 00:00:00;0;Dukuh Kupang;Dukuh Kupang, Surabaya City, East Java, Indonesia;-7.282440;112.710747;dukuh kupang gang 14 no 2;jenny 123456;Semarang;Semarang, Semarang City, Central Java, Indonesia;-7.005145;110.438126;rumah ranting no 123;bagas 654321;18;2017-05-23 08:26:19;18;2017-05-23 15:04:49;19', '2017-05-23 08:04:49', 0),
(54, 20, '20;kursi meja;kursi meja pribadi;Koala1.jpg;2017-06-03 00:00:00;2017-06-22 00:00:00;2017-06-22 00:00:00;500000;0;1;1;27.087;-1;0;;0000-00-00 00:00:00;0;0000-00-00 00:00:00;0;0000-00-00 00:00:00;0;0000-00-00 00:00:00;0;0000-00-00 00:00:00;0;0000-00-00 00:00:00;0;0000-00-00 00:00:00;0;Bungkul Park;Taman Bungkul, Darmo, Surabaya City, East Java, Indonesia;-7.291388;112.739670;taman bungkul;08781232131;LEGUNDI SUMO ESTATE;LEGUNDI SUMO ESTATE, Krikilan, Gresik Regency, East Java, Indonesia;-7.378090;112.575287;legundi;08123123123;20;2017-05-23 15:13:36;20;2017-05-23 15:13:36;20', '20;kursi meja;kursi meja pribadi;Koala1.jpg;2017-06-03 00:00:00;2017-06-22 00:00:00;2017-06-22 00:00:00;500000;0;1;1;27.087;0;0;;0000-00-00 00:00:00;0;2017-05-23 15:15:22;20;0000-00-00 00:00:00;0;0000-00-00 00:00:00;0;0000-00-00 00:00:00;0;0000-00-00 00:00:00;0;0000-00-00 00:00:00;0;Bungkul Park;Taman Bungkul, Darmo, Surabaya City, East Java, Indonesia;-7.291388;112.739670;taman bungkul;08781232131;LEGUNDI SUMO ESTATE;LEGUNDI SUMO ESTATE, Krikilan, Gresik Regency, East Java, Indonesia;-7.378090;112.575287;legundi;08123123123;20;2017-05-23 15:13:36;20;2017-05-23 15:15:22;20', '2017-05-23 08:15:22', 0),
(55, 20, '20;kursi meja;kursi meja pribadi;Koala1.jpg;2017-06-03 00:00:00;2017-06-22 00:00:00;2017-06-22 00:00:00;500000;0;1;1;27.087;0;0;;0000-00-00 00:00:00;0;2017-05-23 15:15:22;20;0000-00-00 00:00:00;0;0000-00-00 00:00:00;0;0000-00-00 00:00:00;0;0000-00-00 00:00:00;0;0000-00-00 00:00:00;0;Bungkul Park;Taman Bungkul, Darmo, Surabaya City, East Java, Indonesia;-7.291388;112.739670;taman bungkul;08781232131;LEGUNDI SUMO ESTATE;LEGUNDI SUMO ESTATE, Krikilan, Gresik Regency, East Java, Indonesia;-7.378090;112.575287;legundi;08123123123;20;2017-05-23 15:13:36;20;2017-05-23 15:15:22;20', '20;kursi meja;kursi meja pribadi;Koala1.jpg;2017-06-03 00:00:00;2017-06-22 00:00:00;2017-06-22 00:00:00;500000;0;1;1;27.087;7;0;;2017-05-23 15:17:42;19;2017-05-23 15:15:22;20;0000-00-00 00:00:00;0;0000-00-00 00:00:00;0;0000-00-00 00:00:00;0;0000-00-00 00:00:00;0;0000-00-00 00:00:00;0;Bungkul Park;Taman Bungkul, Darmo, Surabaya City, East Java, Indonesia;-7.291388;112.739670;taman bungkul;08781232131;LEGUNDI SUMO ESTATE;LEGUNDI SUMO ESTATE, Krikilan, Gresik Regency, East Java, Indonesia;-7.378090;112.575287;legundi;08123123123;20;2017-05-23 15:13:36;20;2017-05-23 15:17:42;19', '2017-05-23 08:17:42', 0);

--
-- Dumping data for table `m_device_customer`
--

INSERT INTO `m_device_customer` (`device_id`, `device_name`, `device_information`, `device_email`, `device_status`, `user_id`, `created_date`, `created_by`, `modified_date`, `modified_by`) VALUES
(2, 'Ipad Pro 2', 'baru beli di bukalapak', 'ipad@gmail.com', 1, 19, '2017-04-25 08:04:49', 19, '2017-05-24 05:55:18', 19),
(3, 'Samsung Galaxy Note ', 'bahan mudah meledak', 'galaxynote7@gmail.com', 1, 19, '2017-05-08 05:06:10', 19, '2017-05-24 05:55:19', 19);

--
-- Dumping data for table `m_device_details`
--

INSERT INTO `m_device_details` (`device_details_id`, `device_id`, `shipment_id`, `device_details_status`, `created_date`, `created_by`, `modified_date`, `modified_by`) VALUES
(1, 3, 15, 0, '2017-05-15 04:30:33', 19, '2017-05-15 07:11:34', 19),
(2, 2, 14, 0, '2017-05-16 03:56:52', 19, '2017-05-16 04:00:14', 19),
(3, 3, 18, 0, '2017-05-23 01:41:05', 19, '2017-05-23 08:04:49', 19);

--
-- Dumping data for table `m_driver`
--

INSERT INTO `m_driver` (`driver_id`, `driver_name`, `driver_handphone`, `driver_address`, `driver_information`, `driver_jumlah_transaksi`, `driver_rating`, `driver_status`, `user_id`, `created_date`, `created_by`, `modified_date`, `modified_by`) VALUES
(1, 'Supri', '081331212121', 'Jl. Panglima 2 Madiun', 'Umur 40 sehat di Surabaya', 0, 0, 1, 3, '2017-04-11 02:41:25', 3, '2017-04-27 08:00:58', 3),
(5, 'suparman', '0812332121', 'taman bungkul 123', 'alergi udang dan kerang', 1, 4, 1, 19, '2017-04-20 04:32:28', 19, '2017-05-26 09:19:04', 19),
(6, 'supriadi', '088853212332', 'pakuwon indah ABC', 'usia evergreen', 1, 3, 1, 19, '2017-05-08 05:05:21', 19, '2017-05-23 09:35:07', 19);

--
-- Dumping data for table `m_driver_details`
--

INSERT INTO `m_driver_details` (`driver_details_id`, `driver_id`, `shipment_id`, `driver_details_status`, `created_date`, `created_by`, `modified_date`, `modified_by`) VALUES
(1, 6, 15, 0, '2017-05-15 04:30:33', 19, '2017-05-15 07:11:34', 19),
(2, 5, 14, 0, '2017-05-16 03:58:13', 19, '2017-05-16 04:00:23', 19),
(3, 6, 18, 0, '2017-05-23 01:41:05', 19, '2017-05-23 08:04:49', 19);

--
-- Dumping data for table `m_group`
--

INSERT INTO `m_group` (`group_id`, `group_name`, `user_id`, `group_status`, `created_date`, `created_by`, `modified_date`, `modified_by`) VALUES
(8, '', 1, 1, '2017-04-27 07:45:43', 1, '2017-05-23 09:21:34', 1),
(10, '', 2, 1, '2017-04-27 07:47:33', 2, '2017-05-23 09:21:36', 2),
(11, '', 3, 1, '2017-04-27 07:47:33', 3, '2017-05-23 09:21:39', 3),
(12, '', 4, 1, '2017-04-27 07:47:42', 4, '2017-05-23 09:21:41', 4),
(13, '', 5, 1, '2017-04-27 07:47:42', 5, '2017-05-23 09:21:44', 5),
(14, '', 6, 1, '2017-04-27 07:47:55', 6, '2017-05-23 09:21:46', 66),
(15, '', 13, 1, '2017-04-27 07:47:55', 13, '2017-05-23 09:21:48', 13),
(16, '', 18, 1, '2017-04-27 07:48:11', 18, '2017-05-23 09:21:50', 18),
(17, 'surabaya pusat', 19, 1, '2017-04-27 07:48:11', 19, '2017-05-23 09:21:52', 19),
(18, 'surabaya', 20, 1, '2017-05-04 05:57:24', 20, '2017-05-23 09:21:54', 20),
(20, 'sidoarjo', 20, 1, '2017-05-08 02:28:34', 20, '2017-05-23 09:21:57', 20),
(22, 'surabaya barat', 19, 1, '2017-05-22 04:39:09', 19, '2017-05-24 07:26:47', 19);

--
-- Dumping data for table `m_location`
--

INSERT INTO `m_location` (`location_id`, `location_name`, `location_address`, `location_city`, `location_lat`, `location_lng`, `location_detail`, `location_contact`, `location_from`, `location_to`, `location_status`, `user_id`, `created_date`, `created_by`, `modified_date`, `modified_by`) VALUES
(1, 'Pabrik Gresik', 'Legundi 99 Gresik', '', -7.382077, 112.571754, 'Jl. Raya Legundi no.99, Desa Krikilan, Kec. Driyorejo, Krikilan, Driyorejo', 'Ony 08121212121', b'1', b'1', 1, 1, '2017-04-11 02:41:25', 1, '2017-04-27 07:56:34', 1),
(2, 'Sekolah Tinggi Teknik Surabaya', 'Sekolah Tinggi Teknik Surabaya, Jalan Ngagel Jaya Tengah, Baratajaya, Surabaya C', 'Surabaya City', -7.291300, 112.758827, 'stts adalah sekolah tercinta di surabaya', 'susi - 08123123212', b'1', b'0', 1, 20, '2017-05-17 03:07:35', 20, '2017-05-23 03:46:39', 20),
(10, 'Jimbaran', 'Jimbaran, Semarang, Central Java, Indonesia', 'Semarang', -7.198859, 110.375565, 'lokasi ini adalah jimbaran', '087812312421', b'1', b'1', 1, 20, '2017-05-17 08:54:33', 20, '2017-05-23 09:48:10', 20);

--
-- Dumping data for table `m_shipment`
--

INSERT INTO `m_shipment` (`shipment_id`, `shipment_title`, `shipment_information`, `shipment_pictures`, `shipment_delivery_date_from`, `shipment_delivery_date_to`, `shipment_end_date`, `shipment_price`, `shipment_estimates_price`, `order_type`, `shipment_type`, `shipment_length`, `shipment_status`, `shipment_rating_number`, `shipment_rating_feedback`, `cancel_date`, `cancel_by`, `pending_date`, `pending_by`, `order_date`, `order_by`, `delivery_date`, `delivery_by`, `pickup_date`, `pickup_by`, `receive_date`, `receive_by`, `end_date`, `end_by`, `shipment_jenis_muatan`, `driver_id`, `vehicle_id`, `device_id`, `location_from_name`, `location_from_address`, `location_from_city`, `location_from_lat`, `location_from_lng`, `location_from_detail`, `location_from_contact`, `location_to_name`, `location_to_address`, `location_to_city`, `location_to_lat`, `location_to_lng`, `location_to_detail`, `location_to_contact`, `user_id`, `created_date`, `created_by`, `modified_date`, `modified_by`) VALUES
(1, 'Kirim furniture', 'Barang berupa furniture sehingga tidak boleh basah', 'ship1.jpg', '2017-05-01 06:56:56', '2017-05-31 03:18:00', '2017-05-31 03:18:00', 1000000, 900000, 1, 1, 100, -1, 2, '', '2017-05-08 06:00:46', 19, '2017-04-28 06:16:04', 0, '2017-04-11 03:18:00', 0, '2017-04-11 03:18:00', 0, '2017-04-11 03:18:00', 0, '2017-04-11 03:18:00', 0, '2017-04-11 03:18:00', 0, 1, 0, 0, 0, 'Pabrik legundi', 'Jl. Raya Legundi no.99, Desa Krikilan, Kec. Driyorejo, Krikilan, Driyorejo', 'Sidoarjo', -7.382077, 112.571754, 'Legundi 99 Gresik', 'Ony 08121212121', 'Lebani', 'Jl. Raya Lebani 100, Gresik', 'Gresik', -7.382077, 112.571754, 'Lebani Waras', 'Tono 081313131313', 1, '2017-04-11 03:18:00', 1, '2017-05-23 02:01:03', 19),
(14, 'Sembako', 'ini adalah sembako yang akan dikirimkan ke beberapa tempat', 'Koala.jpg', '2017-06-01 06:56:59', '2017-06-07 17:00:00', '2017-06-08 00:27:27', 15000000, 12500000, 1, 1, 774, 6, 4, 'lumayan cepat pengirimannya', '0000-00-00 00:00:00', 0, '2017-04-28 06:20:04', 18, '2017-05-02 06:38:23', 19, '2017-05-02 07:15:13', 19, '2017-05-02 08:13:14', 19, '2017-05-03 08:14:00', 19, '2017-05-04 04:40:15', 18, 1, 5, 2, 2, 'Sekolah Tinggi Teknik Surabaya', 'STTS, Baratajaya, Surabaya City, East Java, Indonesia', 'Kota Surabaya', -7.291000, 112.758797, 'dari stts', 'budi 0123123', 'Jakarta', 'Jakarta, Indonesia', 'Jakarta', -6.174000, 106.822701, 'tempat tujuan jkt', 'susi 123456', 18, '2017-04-18 08:18:35', 18, '2017-05-23 03:52:28', 18),
(15, 'kitchen set dante', 'kitchen set ini adalah satu set di mana satu set adalah satu set', 'Hydrangeas.jpg', '2017-04-30 17:00:00', '2017-05-30 17:00:00', '2017-05-30 17:00:00', 1000000, 0, 1, 1, 8, 6, 3, 'not bad lah', '2000-05-07 17:00:00', 19, '2017-05-10 04:00:32', 18, '2017-05-15 04:30:33', 19, '2017-05-12 07:11:28', 19, '2017-05-15 07:11:32', 19, '2017-05-14 07:11:34', 19, '2017-05-15 07:14:12', 18, 1, 6, 3, 3, 'Ciputra Golf, Club & Hotel Surabaya', 'CitraLand, Lakarsantri, Surabaya City, East Java, Indonesia', 'Surabaya City', -6.168000, 106.787003, 'Gwalk Citraland surabaya Bakwan Dempo 19', 'susi 0812345678', 'Pakuwon Mall', 'Pakuwon Mall, Jalan Raya Lontar, Lontar, Surabaya City, East Java, Indonesia', 'Surabaya City', -7.275000, 112.802696, 'mall baru', 'sandi 0812343212', 18, '2017-04-28 08:37:16', 18, '2017-05-23 03:52:57', 18),
(16, 'barang bukti', 'barang mudah pecah, mudah rusak, mudah hilang', 'Tulips.jpg', '2017-05-31 17:00:00', '2017-06-22 17:00:00', '2017-06-22 17:00:00', 15000000, 0, 1, 1, 254, 7, 0, '', '2017-05-08 06:10:23', 20, '2017-05-08 03:11:46', 20, '2017-05-08 04:01:11', 19, '0000-00-00 00:00:00', 0, '0000-00-00 00:00:00', 0, '0000-00-00 00:00:00', 0, '0000-00-00 00:00:00', 0, 1, 5, 3, 2, 'Bali', 'Bali, Indonesia', 'Bali', -8.340000, 115.092003, 'ini adalah bali', 'susi 08123445678', 'Jimbaran', 'Jimbaran, Badung Regency, Bali, Indonesia', 'Bali', -8.790000, 115.159302, 'ini adalah jimbaran', 'budi 08812342324', 20, '2017-05-04 06:03:33', 20, '2017-05-23 02:01:11', 20),
(17, 'bathroom set', 'ini adalah keterangan bathroom set', 'Chrysanthemum.jpg', '2017-07-04 17:00:00', '2017-07-19 17:00:00', '2017-07-19 17:00:00', 10000000, 0, 1, 1, 12.919, -1, 0, '', '2017-05-08 06:00:46', 19, '0000-00-00 00:00:00', 0, '0000-00-00 00:00:00', 0, '0000-00-00 00:00:00', 0, '0000-00-00 00:00:00', 0, '0000-00-00 00:00:00', 0, '0000-00-00 00:00:00', 0, 1, 0, 0, 0, 'Pakuwon Trade Center', 'Pakuwon Trade Center, Babatan, Surabaya City, East Java, Indonesia', 'Surabaya City', -7.288700, 112.673401, 'PTC depannya SMA Petra 1', 'adi 081235412123', 'Sekolah Tinggi Teknik Surabaya', 'Sekolah Tinggi Teknik Surabaya, Jalan Ngagel Jaya Tengah, Baratajaya, Surabaya C', 'Kota Surabaya', -7.291306, 112.758827, 'stts sekolah tinggi teknik surabaya', 'budi 09123123212', 20, '2017-05-05 03:54:34', 20, '2017-05-23 03:52:54', 19),
(18, 'living room furniture', 'ini adalah living room furniture', 'Penguins1.jpg', '2017-07-06 17:00:00', '2017-07-28 17:00:00', '2017-07-28 17:00:00', 900000, 0, 1, 1, 318, 7, 0, '', '2017-05-23 08:04:49', 19, '2017-05-23 01:28:58', 18, '2017-05-23 01:41:05', 19, '0000-00-00 00:00:00', 0, '0000-00-00 00:00:00', 0, '0000-00-00 00:00:00', 0, '0000-00-00 00:00:00', 0, -1, 0, 0, 0, 'Dukuh Kupang', 'Dukuh Kupang, Surabaya City, East Java, Indonesia', 'Surabaya City', -7.282440, 112.710747, 'dukuh kupang gang 14 no 2', 'jenny 123456', 'Semarang', 'Semarang, Semarang City, Central Java, Indonesia', 'Semarang City', -7.005145, 110.438126, 'rumah ranting no 123', 'bagas 654321', 18, '2017-05-23 01:26:19', 18, '2017-05-23 08:04:49', 19),
(19, 'mobil', 'mobil mersi', 'Chrysanthemum1.jpg', '2017-05-31 17:00:00', '2017-06-29 17:00:00', '2017-06-29 17:00:00', 1000000, 0, 1, 1, 6.976, -1, 0, '', '0000-00-00 00:00:00', 0, '0000-00-00 00:00:00', 0, '0000-00-00 00:00:00', 0, '0000-00-00 00:00:00', 0, '0000-00-00 00:00:00', 0, '0000-00-00 00:00:00', 0, '0000-00-00 00:00:00', 0, -1, 0, 0, 0, 'Darmo Park, Jl. Mayjen Sungkono', 'Mayjen Sungkono, Pakis, Surabaya City, East Java, Indonesia', 'Surabaya City', -7.291405, 112.717560, 'mayjen sungkono no 123', 'budianto 12345678', 'Kertajaya', 'Kertajaya, Surabaya City, East Java, Indonesia', 'Surabaya City', -7.282603, 112.755432, 'kertajaya indah timur 321', 'andi 0878214213', 20, '2017-05-23 04:06:06', 20, '2017-05-23 04:06:06', 20),
(20, 'kursi meja', 'kursi meja pribadi', 'Koala1.jpg', '2017-06-02 17:00:00', '2017-06-21 17:00:00', '2017-06-21 17:00:00', 500000, 0, 1, 1, 27.087, 7, 0, '', '2017-05-23 08:17:42', 19, '2017-05-23 08:15:22', 20, '0000-00-00 00:00:00', 0, '0000-00-00 00:00:00', 0, '0000-00-00 00:00:00', 0, '0000-00-00 00:00:00', 0, '0000-00-00 00:00:00', 0, -1, 0, 0, 0, 'Bungkul Park', 'Taman Bungkul, Darmo, Surabaya City, East Java, Indonesia', 'Kota Surabaya', -7.291388, 112.739670, 'taman bungkul', '08781232131', 'LEGUNDI SUMO ESTATE', 'LEGUNDI SUMO ESTATE, Krikilan, Gresik Regency, East Java, Indonesia', 'Gresik Regency', -7.378090, 112.575287, 'legundi', '08123123123', 20, '2017-05-23 08:13:36', 20, '2017-05-23 08:17:42', 19);

--
-- Dumping data for table `m_shipment_details`
--

INSERT INTO `m_shipment_details` (`shipment_details_id`, `item_name`, `item_desc`, `item_length`, `item_width`, `item_height`, `item_dimension_unit`, `item_kubikasi`, `item_kubikasi_unit`, `item_weight`, `item_weight_unit`, `item_qty`, `shipment_id`, `created_date`, `created_by`, `modified_date`, `modified_by`) VALUES
(1, 'Activ Furniture', 'Activ Furniture', 0, 0, 0, NULL, 28, 'm3', 9000, 'kg', 100, 1, '2017-04-13 02:35:16', 1, '2017-04-27 07:56:46', 1),
(14, 'panci', 'panci ini merknya lokal', 10, 20, 30, 'cm', 6000, 'cm3', NULL, NULL, 123, 14, '2017-04-18 08:18:35', 18, '2017-04-26 08:23:05', 18),
(15, 'sutil', 'sutil adalah bukan panci', NULL, NULL, NULL, NULL, NULL, NULL, 200, 'kg', 5, 14, '2017-04-18 08:18:35', 18, '2017-04-18 08:18:35', 18),
(16, 'meja kayu', 'meja kayu untuk hiasan di ruang tamu', 3, 1, 1, 'm', NULL, NULL, NULL, NULL, 2, 15, '2017-04-28 08:37:16', 18, '2017-04-28 08:37:16', 18),
(17, 'kayu jati', 'ini adalah kayu jati', NULL, NULL, NULL, NULL, 3, 'm3', NULL, NULL, 5, 16, '2017-05-04 06:03:33', 20, '2017-05-04 06:03:33', 20),
(18, 'wastafel', 'wastafel warna putih', 50, 55, 19, 'cm', NULL, NULL, NULL, NULL, 1, 17, '2017-05-05 03:54:34', 20, '2017-05-05 03:54:34', 20),
(19, 'kloset', 'kloset warna kuning', NULL, NULL, NULL, NULL, 125, 'cm3', NULL, NULL, 1, 17, '2017-05-05 03:54:34', 20, '2017-05-05 03:54:34', 20),
(20, '123', '213', 123, 123, 213, 'cm', NULL, NULL, NULL, NULL, 123, 18, '2017-05-19 04:42:29', 20, '2017-05-19 04:42:29', 20),
(21, '123', '123', 123, 213, 213, 'cm', NULL, NULL, NULL, NULL, 123, 19, '2017-05-19 04:43:01', 20, '2017-05-19 04:43:01', 20),
(22, 'meja', 'meja dari kayu jati', 400, 100, 100, 'cm', NULL, NULL, NULL, NULL, 1, 18, '2017-05-23 01:26:19', 18, '2017-05-23 01:26:19', 18),
(23, 'mercedes benz S class', 'mercedez benz sedan keluaran tahun 2000', 300, 150, 100, 'cm', NULL, NULL, NULL, NULL, 1, 19, '2017-05-23 04:06:06', 20, '2017-05-23 04:06:06', 20),
(24, 'furniture', 'meja kursi furniture', 100, 100, 100, 'cm', NULL, NULL, NULL, NULL, 1, 20, '2017-05-23 08:13:36', 20, '2017-05-23 08:13:36', 20);

--
-- Dumping data for table `m_type`
--

INSERT INTO `m_type` (`type_id`, `type_name`, `created_date`, `created_by`, `modified_date`, `modified_by`) VALUES
(1, 'Individu', '2017-04-11 02:41:25', 1, '2017-04-11 02:41:25', 1),
(2, 'Perusahaan', '2017-04-11 02:41:25', 1, '2017-04-11 02:41:25', 1),
(3, 'Broker', '2017-04-11 02:41:25', 1, '2017-04-11 02:41:25', 1);

--
-- Dumping data for table `m_user`
--

INSERT INTO `m_user` (`user_id`, `role_id`, `type_id`, `subscription_id`, `username`, `user_email`, `user_fullname`, `user_address`, `user_telephone`, `user_handphone`, `password`, `user_termsandconditions`, `user_level`, `user_last_login_date`, `user_id_ref`, `user_status`, `created_date`, `created_by`, `modified_date`, `modified_by`) VALUES
(1, 1, 0, 1, 'super_admin', 'super.admin@gmail.com', 'Administrator', 'Gresik', '0341234567', '085678678678', '202cb962ac59075b964b07152d234b70', b'1', 1, '2017-04-27 07:59:12', 1, 1, '2022-11-16 03:30:02', 1, '2017-04-27 07:59:12', 1),
(2, 1, 2, 1, 'super_user', 'interisty@gmail.com', 'PT. Jaya Makmur', 'Gresik', '0341234567', '085678678678', '202cb962ac59075b964b07152d234b70', b'1', 1, '2017-04-27 07:52:00', 2, 1, '2022-11-16 03:33:29', 2, '2017-04-27 07:52:00', 2),
(3, 2, 0, 1, 'expedition01', 'expedition01@gmail.com', 'PT. Expedition Express', 'Surabaya', '0312345678', '085234123456', '202cb962ac59075b964b07152d234b70', b'1', 1, '2017-04-27 07:52:03', 3, 1, '2023-11-16 00:04:07', 3, '2017-04-27 07:52:03', 3),
(4, 1, 1, 1, 'user0123', 'user0123@gmail.com', 'PT. Jaya Makmur', 'Surabaya', '0341234567', '085678678678', '202cb962ac59075b964b07152d234b70', b'1', 1, '2017-04-27 07:52:05', 4, 1, '2023-11-16 00:51:31', 4, '2017-04-27 07:52:05', 4),
(5, 1, 1, 1, 'user0125', 'user0125@gmail.com', 'PT. Jaya Makmur', 'Surabaya', '0341234567', '085678678678', '202cb962ac59075b964b07152d234b70', b'1', 1, '2017-04-27 07:52:07', 5, 1, '2023-11-16 00:57:25', 5, '2017-04-27 07:52:07', 5),
(6, 1, 1, 1, 'andreahirata02', 'andreahirata81@gmail.com', 'PT. Jaya Makmur', 'Belitong', '0341234567', '085678678678', '202cb962ac59075b964b07152d234b70', b'1', 1, '2017-04-27 07:52:09', 6, 1, '2014-12-15 18:50:04', 6, '2017-04-27 07:52:09', 6),
(13, 1, 2, 1, 'christian', 'christian@gmail.com', 'christian limanto', 'darmo permai indah', '1234567890', '12345678901', '7ff135854376850e9711bd75ce942e07', b'1', 1, '2017-04-27 07:52:11', 13, 1, '2011-04-17 04:32:48', 13, '2017-04-27 07:52:11', 13),
(18, 1, 1, 1, 'christian123', 'asd@gmail.com', 'christian', 'christian', '123123123123', '123213123123', '7a519571b67279d9e76688779719cbcb', b'1', 1, '2017-04-27 07:52:13', 18, 1, '2017-04-12 09:48:30', 18, '2017-04-27 07:52:13', 18),
(19, 2, 1, 1, 'ekspedisiABC', 'abc@gmail.com', 'Budi Subagio', 'taman bungkul 51 Surabaya, Jawa timur', '7531231', '08785432211', '1fd44d695d0bc54d25c29d59c84b9dc5', b'1', 1, '2017-05-22 03:43:33', 19, 1, '2017-04-18 08:25:02', 19, '2017-05-22 03:43:33', 19),
(20, 1, 1, 1, 'christian456', 'christian456@gmail.com', 'christian limanto', 'raya darmo permai selatan 456 Surabaya, Jawa Timur', '03171232442', '087852112322', '818319b6cf0619e9e5126a8a0371dc71', b'1', 1, '2017-05-22 03:43:41', 20, 1, '2017-05-04 05:57:24', 20, '2017-05-22 03:43:41', 20),
(28, 2, 1, 1, 'bagas', 'bagas@gmail.com', 'bagas subagio', '', '', '', 'e10adc3949ba59abbe56e057f20f883e', b'1', 3, '2017-05-24 06:27:55', 19, 1, '2017-05-22 04:47:17', 19, '2017-05-24 06:27:55', 19);

--
-- Dumping data for table `m_user_details`
--

INSERT INTO `m_user_details` (`user_details_id`, `user_id`, `user_details_information`, `user_details_rating`, `user_details_jumlah_transaksi_total`, `user_details_jumlah_transaksi_berhasil`, `user_details_jumlah_transaksi_gagal`, `user_details_jumlah_bid_total`, `user_details_jumlah_bid_diterima`, `user_details_jumlah_bid_ditolak`, `created_date`, `created_by`, `modified_date`, `modified_by`) VALUES
(1, 1, NULL, 0, 0, 0, 0, 0, 0, 0, '2017-04-25 04:34:59', 1, '2017-05-08 06:01:54', 1),
(2, 2, NULL, 0, 0, 0, 0, 0, 0, 0, '2017-04-25 04:34:59', 2, '2017-05-08 06:01:57', 2),
(3, 3, NULL, 0, 0, 0, 0, 1, 0, 0, '2017-04-25 04:35:32', 3, '2017-05-08 06:02:01', 3),
(4, 4, NULL, 0, 0, 0, 0, 0, 0, 0, '2017-04-25 04:35:32', 4, '2017-05-08 06:02:04', 4),
(5, 5, NULL, 0, 0, 0, 0, 0, 0, 0, '2017-04-25 04:35:48', 5, '2017-05-08 06:02:09', 5),
(6, 6, NULL, 0, 0, 0, 0, 0, 0, 0, '2017-04-25 04:35:48', 6, '2017-05-08 06:02:12', 6),
(7, 13, NULL, 0, 0, 0, 0, 0, 0, 0, '2017-04-25 04:36:08', 13, '2017-05-08 06:02:14', 13),
(8, 18, NULL, 0, 3, 2, 1, 0, 0, 0, '2017-04-25 04:36:08', 18, '2017-05-23 08:04:49', 19),
(9, 19, NULL, 3.5, 5, 2, 3, 8, 2, 2, '2017-04-25 04:36:22', 19, '2017-05-23 08:17:42', 19),
(10, 20, 'kami adalah perusahaan XYZ yang bergerak di bidang ABC.\nKami ingin ekspansi pengiriman barang kami di luar jawa.', 0, 2, 0, 2, 0, 0, 0, '2017-05-04 05:57:24', 20, '2017-05-23 08:17:42', 19),
(13, 28, NULL, 0, 0, 0, 0, 0, 0, 0, '2017-05-22 04:47:17', 19, '2017-05-22 04:47:17', 19);

--
-- Dumping data for table `m_user_group`
--

INSERT INTO `m_user_group` (`user_group_id`, `user_id`, `group_id`, `status_userGroup`, `created_date`, `created_by`, `modified_date`, `modified_by`) VALUES
(1, 1, 8, 1, '2017-05-02 01:39:13', 1, '2017-05-02 01:39:13', 1),
(2, 2, 10, 1, '2017-05-02 01:39:13', 2, '2017-05-02 01:39:13', 2),
(3, 3, 11, 1, '2017-05-02 01:39:46', 3, '2017-05-02 01:39:46', 3),
(4, 4, 12, 1, '2017-05-02 01:39:46', 4, '2017-05-02 01:39:46', 4),
(5, 5, 13, 1, '2017-05-02 01:40:20', 5, '2017-05-02 01:40:20', 5),
(6, 6, 14, 1, '2017-05-02 01:40:20', 6, '2017-05-02 01:40:20', 6),
(7, 13, 15, 1, '2017-05-02 01:41:51', 13, '2017-05-02 01:41:51', 13),
(8, 18, 16, 1, '2017-05-02 01:41:51', 18, '2017-05-02 01:41:51', 18),
(9, 19, 17, 1, '2017-05-02 01:42:01', 19, '2017-05-02 01:42:01', 19),
(10, 20, 18, 1, '2017-05-04 05:57:24', 20, '2017-05-04 05:57:24', 20),
(14, 19, 22, 1, '2017-05-22 04:39:09', 19, '2017-05-22 04:39:09', 19),
(30, 28, 17, 1, '2017-05-24 06:50:22', 19, '2017-05-24 06:50:22', 19);

--
-- Dumping data for table `m_user_party`
--

INSERT INTO `m_user_party` (`user_party_id`, `party_id`, `user_id`, `status_request`, `status_userParty`, `created_date`, `created_by`, `modified_date`, `modified_by`) VALUES
(1, 3, 5, b'1', b'1', '2017-04-11 02:41:25', 1, '2017-04-11 02:41:25', 1);

--
-- Dumping data for table `m_vehicle`
--

INSERT INTO `m_vehicle` (`vehicle_id`, `vehicle_nomor`, `vehicle_name`, `vehicle_information`, `vehicle_status`, `vehicle_jumlah_transaksi`, `user_id`, `created_date`, `created_by`, `modified_date`, `modified_by`) VALUES
(1, 'W 888 BG', 'Mitsubishi Fuso 350ps', 'Dalam kondisi Bagus', 1, 0, 3, '2017-04-11 02:41:25', 3, '2017-04-27 08:02:57', 3),
(2, 'W 1234 AB', 'L 300 COL T', 'kendaraan ini baru beli', 1, 0, 19, '2017-04-19 05:45:00', 19, '2017-05-24 05:44:38', 19),
(3, 'AB 123 BA', 'Misubishi Kuda Grandia', 'mobil ini juga baru', 1, 0, 19, '2017-04-19 06:44:37', 19, '2017-05-26 04:49:57', 19);

--
-- Dumping data for table `m_vehicle_details`
--

INSERT INTO `m_vehicle_details` (`vehicle_details_id`, `vehicle_id`, `shipment_id`, `vehicle_details_status`, `created_date`, `created_by`, `modified_date`, `modified_by`) VALUES
(1, 3, 15, 0, '2017-05-15 04:30:33', 19, '2017-05-15 07:11:34', 19),
(2, 2, 14, 0, '2017-05-16 03:58:32', 19, '2017-05-16 04:00:30', 19),
(3, 2, 18, 0, '2017-05-23 01:41:05', 19, '2017-05-23 08:04:49', 19);

--
-- Dumping data for table `t_bidding`
--

INSERT INTO `t_bidding` (`bidding_id`, `bidding_type`, `bidding_price`, `bidding_pickupdate`, `bidding_vehicle`, `bidding_information`, `bidding_status`, `bidding_reason`, `shipment_id`, `user_id`, `created_date`, `created_by`, `modified_date`, `modified_by`) VALUES
(1, 1, 950000, '2017-04-11 03:18:20', NULL, 'Barang diasuransikan semua dan kami memiliki armada ready', 0, NULL, 1, 3, '2017-04-11 03:18:20', 3, '2017-04-28 06:17:14', 3),
(3, 1, 2150000, '2017-04-19 17:00:00', NULL, 'saya kirim penawaran lagi plis', 2, 'harga yang ditawarkan terlalu mahal untuk saya', 14, 19, '2017-04-19 01:22:05', 19, '2017-04-28 06:17:10', 18),
(4, 1, 2000000, '2017-04-19 17:00:00', NULL, 'saya bisa ambil secepatnya. ini harga sudah saya turunkan', 1, NULL, 14, 19, '2017-04-19 03:05:56', 19, '2017-04-28 06:20:04', 18),
(5, 1, 900000, '2017-05-08 17:00:00', NULL, 'Kami siap mengangkut barang anda', 0, NULL, 1, 19, '2017-05-08 03:06:38', 19, '2017-05-08 03:06:38', 19),
(6, 1, 15000000, '2017-05-31 17:00:00', NULL, 'Barang kami siap antar tepat waktu', 2, 'harga terlalu mahal', 16, 19, '2017-05-08 03:08:40', 19, '2017-05-08 03:09:28', 19),
(7, 1, 13000000, '2017-05-31 17:00:00', NULL, 'Harga paling murah. Kualitas paling baik', 1, NULL, 16, 19, '2017-05-08 03:11:10', 19, '2017-05-08 03:11:46', 20),
(8, 1, 1000000, '2017-05-30 17:00:00', NULL, 'kami bisa ambil ', 1, NULL, 15, 19, '2017-05-10 02:49:09', 19, '2017-05-15 04:00:32', 18),
(9, 1, 1000000, '2017-06-29 17:00:00', NULL, 'pengiriman termasuk asuransi', 1, NULL, 18, 19, '2017-05-23 01:27:43', 19, '2017-05-23 01:41:05', 19),
(10, 1, 600000, '2017-05-24 17:00:00', NULL, 'saya ambil secepatnya', 1, NULL, 20, 19, '2017-05-23 08:14:49', 19, '2017-05-23 08:15:22', 20);

--
-- Dumping data for table `t_driver_rating_details`
--

INSERT INTO `t_driver_rating_details` (`driver_rating_details_id`, `driver_rating_number`, `driver_id`, `shipment_id`, `created_date`, `created_by`, `modified_date`, `modified_by`) VALUES
(10, 4, 5, 14, '2017-05-04 04:40:15', 18, '2017-05-04 04:40:15', 18),
(11, 3, 6, 15, '2017-05-15 07:14:12', 18, '2017-05-15 07:14:12', 18);

--
-- Dumping data for table `t_questions`
--

INSERT INTO `t_questions` (`questions_id`, `questions_text`, `user_id`, `shipment_id`, `created_date`, `created_by`, `modified_date`, `modified_by`) VALUES
(1, 'Butuh dikirim sekitar jam berapa? Kami sudah terbiasa kirim barang tersebut', 3, 1, '2017-04-11 03:18:20', 3, '2017-04-27 08:04:12', 3),
(2, 'bisa minta tolong diinfokan kubikasi total barangnya? terima kasih.', 19, 1, '2017-04-27 08:49:58', 19, '2017-04-27 08:49:58', 19),
(3, 'bisakah ditulis total kubikasi untuk barangnya? terima kasih.', 19, 14, '2017-04-27 08:54:05', 19, '2017-04-27 08:54:05', 19),
(4, 'gimana pak? apa sudah selesai mengukur pakai penggaris? perlu saya bantu?', 19, 14, '2017-04-28 02:25:38', 19, '2017-04-28 02:25:38', 19);

--
-- Dumping data for table `t_questions_details`
--

INSERT INTO `t_questions_details` (`questions_details_id`, `questions_id`, `answers_text`, `created_date`, `created_by`, `modified_date`, `modified_by`) VALUES
(1, 1, 'Oke. Tapi harga yang ditawarkan terlalu mahal. Bisa dinego lagi harganya?', '2017-04-11 03:18:21', 1, '2017-04-11 03:18:21', 1),
(2, 3, 'ya sebentar saya ukur dulu pakai penggaris', '2017-04-28 02:24:56', 18, '2017-04-28 02:24:56', 18);

--
-- Dumping data for table `t_user_rating_details`
--

INSERT INTO `t_user_rating_details` (`user_rating_details_id`, `user_rating_number`, `user_rating_feedback`, `user_id`, `shipment_id`, `created_date`, `created_by`, `modified_date`, `modified_by`) VALUES
(5, 4, 'lumayan cepat pengirimannya', 19, 14, '2017-05-04 04:40:15', 18, '2017-05-04 04:40:15', 18),
(7, 3, 'not bad lah', 19, 15, '2017-05-19 02:22:31', 18, '2017-05-19 02:22:31', 18);

/*!40101 SET CHARACTER_SET_CLIENT=@OLD_CHARACTER_SET_CLIENT */;
/*!40101 SET CHARACTER_SET_RESULTS=@OLD_CHARACTER_SET_RESULTS */;
/*!40101 SET COLLATION_CONNECTION=@OLD_COLLATION_CONNECTION */;
